namespace,nodes,classification_reachable,typed_reachable
aat,3630,3630,0
apple-family,6,6,0
apple-model,257,257,0
avilist,33684,33684,0
caltech101-category,102,0,54
canon,1449,1449,0
canon-family,19,19,0
dtd-attribute,47,0,47
epa,50242,50242,0
epa-attribute,57,0,0
epa-make,145,0,0
epa-model,1559,1559,0
epa-variant,5664,5664,0
eurosat-category,10,0,6
faa-aircraft,94043,94043,0
faa-mfr,68538,0,0
food101-category,101,101,0
foodon,12342,12296,0
geonames,3390047,0,3390047
geonames-feature,65,65,0
ima-mineral,6239,6143,0
manufacturer-model,4,4,0
mesh,122,0,0
mimo-hs,641,641,0
mimo-keyword,2572,2500,0
nvidia-geforce-card,38,38,0
nvidia-geforce-family,5,5,0
ott,4529570,4444068,0
places365-category,365,0,242
resisc45-category,45,0,30
samsung-ssd-line,34,34,0
sun397-category,397,0,260
v26-ads-dahlia-color,2,2,0
v26-authority-car-model,11,11,0
v26-car,169,169,0
v26-gbif,2,2,0
v26-nhtsa-model,28,28,0
v26-wikidata,2,2,0
v4root,5,4,0
vehicle-configuration,4,4,0
vpic-make,12103,0,0
vpic-model,31869,31869,0
wfo,454688,454688,0
wikidata,3496764,3475274,24
wikidata-v4,48722,48285,0
wmo-cloud,10,10,0
wordnet31,82192,74362,7679
