dataset,class_id,label,native_uid,decision_status
caltech101,2,anchor,caltech101-category:2,REVIEW_NATIVE_CATEGORY
caltech101,4,background_google,caltech101-category:4,REVIEW_NATIVE_CATEGORY
caltech101,5,barrel,caltech101-category:5,REVIEW_NATIVE_CATEGORY
caltech101,6,bass,caltech101-category:6,REVIEW_NATIVE_CATEGORY
caltech101,7,beaver,caltech101-category:7,REVIEW_NATIVE_CATEGORY
caltech101,8,binocular,caltech101-category:8,REVIEW_NATIVE_CATEGORY
caltech101,10,brain,caltech101-category:10,REVIEW_NATIVE_CATEGORY
caltech101,14,camera,caltech101-category:14,REVIEW_NATIVE_CATEGORY
caltech101,15,cannon,caltech101-category:15,REVIEW_NATIVE_CATEGORY
caltech101,16,car_side,caltech101-category:16,REVIEW_NATIVE_CATEGORY
caltech101,17,ceiling_fan,caltech101-category:17,REVIEW_NATIVE_CATEGORY
caltech101,19,chair,caltech101-category:19,REVIEW_NATIVE_CATEGORY
caltech101,21,cougar_body,caltech101-category:21,REVIEW_NATIVE_CATEGORY
caltech101,22,cougar_face,caltech101-category:22,REVIEW_NATIVE_CATEGORY
caltech101,23,crab,caltech101-category:23,REVIEW_NATIVE_CATEGORY
caltech101,24,crayfish,caltech101-category:24,REVIEW_NATIVE_CATEGORY
caltech101,26,crocodile_head,caltech101-category:26,REVIEW_NATIVE_CATEGORY
caltech101,27,cup,caltech101-category:27,REVIEW_NATIVE_CATEGORY
caltech101,28,dalmatian,caltech101-category:28,REVIEW_NATIVE_CATEGORY
caltech101,29,dollar_bill,caltech101-category:29,REVIEW_NATIVE_CATEGORY
caltech101,30,dolphin,caltech101-category:30,REVIEW_NATIVE_CATEGORY
caltech101,37,faces,caltech101-category:37,REVIEW_NATIVE_CATEGORY
caltech101,38,faces_easy,caltech101-category:38,REVIEW_NATIVE_CATEGORY
caltech101,41,flamingo_head,caltech101-category:41,REVIEW_NATIVE_CATEGORY
caltech101,42,garfield,caltech101-category:42,REVIEW_NATIVE_CATEGORY
caltech101,48,hedgehog,caltech101-category:48,REVIEW_NATIVE_CATEGORY
caltech101,51,inline_skate,caltech101-category:51,REVIEW_NATIVE_CATEGORY
caltech101,55,lamp,caltech101-category:55,REVIEW_NATIVE_CATEGORY
caltech101,57,leopards,caltech101-category:57,REVIEW_NATIVE_CATEGORY
caltech101,59,lobster,caltech101-category:59,REVIEW_NATIVE_CATEGORY
caltech101,60,lotus,caltech101-category:60,REVIEW_NATIVE_CATEGORY
caltech101,63,menorah,caltech101-category:63,REVIEW_NATIVE_CATEGORY
caltech101,67,nautilus,caltech101-category:67,REVIEW_NATIVE_CATEGORY
caltech101,68,octopus,caltech101-category:68,REVIEW_NATIVE_CATEGORY
caltech101,71,panda,caltech101-category:71,REVIEW_NATIVE_CATEGORY
caltech101,75,pyramid,caltech101-category:75,REVIEW_NATIVE_CATEGORY
caltech101,76,revolver,caltech101-category:76,REVIEW_NATIVE_CATEGORY
caltech101,80,schooner,caltech101-category:80,REVIEW_NATIVE_CATEGORY
caltech101,82,scorpion,caltech101-category:82,REVIEW_NATIVE_CATEGORY
caltech101,83,sea_horse,caltech101-category:83,REVIEW_NATIVE_CATEGORY
caltech101,84,snoopy,caltech101-category:84,REVIEW_NATIVE_CATEGORY
caltech101,89,stop_sign,caltech101-category:89,REVIEW_NATIVE_CATEGORY
caltech101,90,strawberry,caltech101-category:90,REVIEW_NATIVE_CATEGORY
caltech101,92,tick,caltech101-category:92,REVIEW_NATIVE_CATEGORY
caltech101,95,watch,caltech101-category:95,REVIEW_NATIVE_CATEGORY
caltech101,96,water_lilly,caltech101-category:96,REVIEW_NATIVE_CATEGORY
caltech101,98,wild_cat,caltech101-category:98,REVIEW_NATIVE_CATEGORY
caltech101,101,yin_yang,caltech101-category:101,REVIEW_NATIVE_CATEGORY
eurosat,0,AnnualCrop,eurosat-category:0,REVIEW_NATIVE_CATEGORY
eurosat,5,Pasture,eurosat-category:5,REVIEW_NATIVE_CATEGORY
eurosat,6,PermanentCrop,eurosat-category:6,REVIEW_NATIVE_CATEGORY
eurosat,9,SeaLake,eurosat-category:9,REVIEW_NATIVE_CATEGORY
places365,1,airplane_cabin,places365-category:1,REVIEW_NATIVE_CATEGORY
places365,4,alley,places365-category:4,REVIEW_NATIVE_CATEGORY
places365,5,amphitheater,places365-category:5,REVIEW_NATIVE_CATEGORY
places365,11,arcade,places365-category:11,REVIEW_NATIVE_CATEGORY
places365,12,arch,places365-category:12,REVIEW_NATIVE_CATEGORY
places365,13,archaelogical_excavation,places365-category:13,REVIEW_NATIVE_CATEGORY
places365,15,arena/hockey,places365-category:15,REVIEW_NATIVE_CATEGORY
places365,16,arena/performance,places365-category:16,REVIEW_NATIVE_CATEGORY
places365,17,arena/rodeo,places365-category:17,REVIEW_NATIVE_CATEGORY
places365,21,art_studio,places365-category:21,REVIEW_NATIVE_CATEGORY
places365,22,artists_loft,places365-category:22,REVIEW_NATIVE_CATEGORY
places365,25,atrium/public,places365-category:25,REVIEW_NATIVE_CATEGORY
places365,26,attic,places365-category:26,REVIEW_NATIVE_CATEGORY
places365,29,auto_showroom,places365-category:29,REVIEW_NATIVE_CATEGORY
places365,32,balcony/exterior,places365-category:32,REVIEW_NATIVE_CATEGORY
places365,33,balcony/interior,places365-category:33,REVIEW_NATIVE_CATEGORY
places365,34,ball_pit,places365-category:34,REVIEW_NATIVE_CATEGORY
places365,36,bamboo_forest,places365-category:36,REVIEW_NATIVE_CATEGORY
places365,38,banquet_hall,places365-category:38,REVIEW_NATIVE_CATEGORY
places365,39,bar,places365-category:39,REVIEW_NATIVE_CATEGORY
places365,43,basement,places365-category:43,REVIEW_NATIVE_CATEGORY
places365,45,bathroom,places365-category:45,REVIEW_NATIVE_CATEGORY
places365,46,bazaar/indoor,places365-category:46,REVIEW_NATIVE_CATEGORY
places365,47,bazaar/outdoor,places365-category:47,REVIEW_NATIVE_CATEGORY
places365,55,berth,places365-category:55,REVIEW_NATIVE_CATEGORY
places365,61,booth/indoor,places365-category:61,REVIEW_NATIVE_CATEGORY
places365,64,bowling_alley,places365-category:64,REVIEW_NATIVE_CATEGORY
places365,66,bridge,places365-category:66,REVIEW_NATIVE_CATEGORY
places365,67,building_facade,places365-category:67,REVIEW_NATIVE_CATEGORY
places365,70,bus_interior,places365-category:70,REVIEW_NATIVE_CATEGORY
places365,72,butchers_shop,places365-category:72,REVIEW_NATIVE_CATEGORY
places365,74,cabin/outdoor,places365-category:74,REVIEW_NATIVE_CATEGORY
places365,78,canal/natural,places365-category:78,REVIEW_NATIVE_CATEGORY
places365,79,canal/urban,places365-category:79,REVIEW_NATIVE_CATEGORY
places365,82,car_interior,places365-category:82,REVIEW_NATIVE_CATEGORY
places365,84,castle,places365-category:84,REVIEW_NATIVE_CATEGORY
places365,89,childs_room,places365-category:89,REVIEW_NATIVE_CATEGORY
places365,95,closet,places365-category:95,REVIEW_NATIVE_CATEGORY
places365,97,coast,places365-category:97,REVIEW_NATIVE_CATEGORY
places365,98,cockpit,places365-category:98,REVIEW_NATIVE_CATEGORY
places365,100,computer_room,places365-category:100,REVIEW_NATIVE_CATEGORY
places365,103,construction_site,places365-category:103,REVIEW_NATIVE_CATEGORY
places365,108,courthouse,places365-category:108,REVIEW_NATIVE_CATEGORY
places365,110,creek,places365-category:110,REVIEW_NATIVE_CATEGORY
places365,113,dam,places365-category:113,REVIEW_NATIVE_CATEGORY
places365,114,delicatessen,places365-category:114,REVIEW_NATIVE_CATEGORY
places365,118,desert_road,places365-category:118,REVIEW_NATIVE_CATEGORY
places365,119,diner/outdoor,places365-category:119,REVIEW_NATIVE_CATEGORY
places365,129,elevator/door,places365-category:129,REVIEW_NATIVE_CATEGORY
places365,130,elevator_lobby,places365-category:130,REVIEW_NATIVE_CATEGORY
places365,136,excavation,places365-category:136,REVIEW_NATIVE_CATEGORY
places365,137,fabric_store,places365-category:137,REVIEW_NATIVE_CATEGORY
places365,139,fastfood_restaurant,places365-category:139,REVIEW_NATIVE_CATEGORY
places365,140,field/cultivated,places365-category:140,REVIEW_NATIVE_CATEGORY
places365,141,field/wild,places365-category:141,REVIEW_NATIVE_CATEGORY
places365,142,field_road,places365-category:142,REVIEW_NATIVE_CATEGORY
places365,151,forest_path,places365-category:151,REVIEW_NATIVE_CATEGORY
places365,152,forest_road,places365-category:152,REVIEW_NATIVE_CATEGORY
places365,154,fountain,places365-category:154,REVIEW_NATIVE_CATEGORY
places365,155,galley,places365-category:155,REVIEW_NATIVE_CATEGORY
places365,156,garage/indoor,places365-category:156,REVIEW_NATIVE_CATEGORY
places365,157,garage/outdoor,places365-category:157,REVIEW_NATIVE_CATEGORY
places365,171,harbor,places365-category:171,REVIEW_NATIVE_CATEGORY
places365,183,house,places365-category:183,REVIEW_NATIVE_CATEGORY
places365,185,ice_cream_parlor,places365-category:185,REVIEW_NATIVE_CATEGORY
places365,190,iceberg,places365-category:190,REVIEW_NATIVE_CATEGORY
places365,195,jacuzzi/indoor,places365-category:195,REVIEW_NATIVE_CATEGORY
places365,197,japanese_garden,places365-category:197,REVIEW_NATIVE_CATEGORY
places365,198,jewelry_shop,places365-category:198,REVIEW_NATIVE_CATEGORY
places365,202,kindergarden_classroom,places365-category:202,REVIEW_NATIVE_CATEGORY
places365,205,lake/natural,places365-category:205,REVIEW_NATIVE_CATEGORY
places365,211,legislative_chamber,places365-category:211,REVIEW_NATIVE_CATEGORY
places365,212,library/indoor,places365-category:212,REVIEW_NATIVE_CATEGORY
places365,213,library/outdoor,places365-category:213,REVIEW_NATIVE_CATEGORY
places365,220,mansion,places365-category:220,REVIEW_NATIVE_CATEGORY
places365,222,market/indoor,places365-category:222,REVIEW_NATIVE_CATEGORY
places365,223,market/outdoor,places365-category:223,REVIEW_NATIVE_CATEGORY
places365,225,martial_arts_gym,places365-category:225,REVIEW_NATIVE_CATEGORY
places365,228,mezzanine,places365-category:228,REVIEW_NATIVE_CATEGORY
places365,233,mountain_path,places365-category:233,REVIEW_NATIVE_CATEGORY
places365,234,mountain_snowy,places365-category:234,REVIEW_NATIVE_CATEGORY
places365,238,music_studio,places365-category:238,REVIEW_NATIVE_CATEGORY
places365,239,natural_history_museum,places365-category:239,REVIEW_NATIVE_CATEGORY
places365,246,office_cubicles,places365-category:246,REVIEW_NATIVE_CATEGORY
places365,252,palace,places365-category:252,REVIEW_NATIVE_CATEGORY
places365,254,park,places365-category:254,REVIEW_NATIVE_CATEGORY
places365,255,parking_garage/indoor,places365-category:255,REVIEW_NATIVE_CATEGORY
places365,256,parking_garage/outdoor,places365-category:256,REVIEW_NATIVE_CATEGORY
places365,258,pasture,places365-category:258,REVIEW_NATIVE_CATEGORY
places365,266,pier,places365-category:266,REVIEW_NATIVE_CATEGORY
places365,268,playground,places365-category:268,REVIEW_NATIVE_CATEGORY
places365,270,plaza,places365-category:270,REVIEW_NATIVE_CATEGORY
places365,276,raceway,places365-category:276,REVIEW_NATIVE_CATEGORY
places365,277,raft,places365-category:277,REVIEW_NATIVE_CATEGORY
places365,279,rainforest,places365-category:279,REVIEW_NATIVE_CATEGORY
places365,283,residential_neighborhood,places365-category:283,REVIEW_NATIVE_CATEGORY
places365,285,restaurant_kitchen,places365-category:285,REVIEW_NATIVE_CATEGORY
places365,286,restaurant_patio,places365-category:286,REVIEW_NATIVE_CATEGORY
places365,289,rock_arch,places365-category:289,REVIEW_NATIVE_CATEGORY
places365,292,ruin,places365-category:292,REVIEW_NATIVE_CATEGORY
places365,293,runway,places365-category:293,REVIEW_NATIVE_CATEGORY
places365,294,sandbox,places365-category:294,REVIEW_NATIVE_CATEGORY
places365,298,server_room,places365-category:298,REVIEW_NATIVE_CATEGORY
places365,303,shower,places365-category:303,REVIEW_NATIVE_CATEGORY
places365,315,stage/indoor,places365-category:315,REVIEW_NATIVE_CATEGORY
places365,316,stage/outdoor,places365-category:316,REVIEW_NATIVE_CATEGORY
places365,319,street,places365-category:319,REVIEW_NATIVE_CATEGORY
places365,329,television_studio,places365-category:329,REVIEW_NATIVE_CATEGORY
places365,330,temple/asia,places365-category:330,REVIEW_NATIVE_CATEGORY
places365,331,throne_room,places365-category:331,REVIEW_NATIVE_CATEGORY
places365,333,topiary_garden,places365-category:333,REVIEW_NATIVE_CATEGORY
places365,334,tower,places365-category:334,REVIEW_NATIVE_CATEGORY
places365,336,train_interior,places365-category:336,REVIEW_NATIVE_CATEGORY
places365,340,trench,places365-category:340,REVIEW_NATIVE_CATEGORY
places365,342,underwater/ocean_deep,places365-category:342,REVIEW_NATIVE_CATEGORY
places365,343,utility_room,places365-category:343,REVIEW_NATIVE_CATEGORY
places365,346,veterinarians_office,places365-category:346,REVIEW_NATIVE_CATEGORY
places365,350,volcano,places365-category:350,REVIEW_NATIVE_CATEGORY
places365,353,water_park,places365-category:353,REVIEW_NATIVE_CATEGORY
places365,357,wave,places365-category:357,REVIEW_NATIVE_CATEGORY
places365,361,windmill,places365-category:361,REVIEW_NATIVE_CATEGORY
places365,362,yard,places365-category:362,REVIEW_NATIVE_CATEGORY
places365,364,zen_garden,places365-category:364,REVIEW_NATIVE_CATEGORY
resisc45,5,bridge,resisc45-category:5,REVIEW_NATIVE_CATEGORY
resisc45,6,chaparral,resisc45-category:6,REVIEW_NATIVE_CATEGORY
resisc45,8,circular_farmland,resisc45-category:8,REVIEW_NATIVE_CATEGORY
resisc45,9,cloud,resisc45-category:9,REVIEW_NATIVE_CATEGORY
resisc45,17,harbor,resisc45-category:17,REVIEW_NATIVE_CATEGORY
resisc45,20,island,resisc45-category:20,REVIEW_NATIVE_CATEGORY
resisc45,21,lake,resisc45-category:21,REVIEW_NATIVE_CATEGORY
resisc45,24,mobile_home_park,resisc45-category:24,REVIEW_NATIVE_CATEGORY
resisc45,27,palace,resisc45-category:27,REVIEW_NATIVE_CATEGORY
resisc45,31,rectangular_farmland,resisc45-category:31,REVIEW_NATIVE_CATEGORY
resisc45,33,roundabout,resisc45-category:33,REVIEW_NATIVE_CATEGORY
resisc45,34,runway,resisc45-category:34,REVIEW_NATIVE_CATEGORY
resisc45,35,sea_ice,resisc45-category:35,REVIEW_NATIVE_CATEGORY
resisc45,37,snowberg,resisc45-category:37,REVIEW_NATIVE_CATEGORY
resisc45,42,terrace,resisc45-category:42,REVIEW_NATIVE_CATEGORY
sun397,0,/a/abbey,sun397-category:0,REVIEW_NATIVE_CATEGORY
sun397,1,/a/airplane_cabin,sun397-category:1,REVIEW_NATIVE_CATEGORY
sun397,3,/a/alley,sun397-category:3,REVIEW_NATIVE_CATEGORY
sun397,4,/a/amphitheater,sun397-category:4,REVIEW_NATIVE_CATEGORY
sun397,12,/a/arch,sun397-category:12,REVIEW_NATIVE_CATEGORY
sun397,17,/a/art_studio,sun397-category:17,REVIEW_NATIVE_CATEGORY
sun397,20,/a/atrium/public,sun397-category:20,REVIEW_NATIVE_CATEGORY
sun397,21,/a/attic,sun397-category:21,REVIEW_NATIVE_CATEGORY
sun397,28,/b/balcony/exterior,sun397-category:28,REVIEW_NATIVE_CATEGORY
sun397,29,/b/balcony/interior,sun397-category:29,REVIEW_NATIVE_CATEGORY
sun397,30,/b/ball_pit,sun397-category:30,REVIEW_NATIVE_CATEGORY
sun397,32,/b/bamboo_forest,sun397-category:32,REVIEW_NATIVE_CATEGORY
sun397,33,/b/banquet_hall,sun397-category:33,REVIEW_NATIVE_CATEGORY
sun397,34,/b/bar,sun397-category:34,REVIEW_NATIVE_CATEGORY
sun397,38,/b/basement,sun397-category:38,REVIEW_NATIVE_CATEGORY
sun397,39,/b/basilica,sun397-category:39,REVIEW_NATIVE_CATEGORY
sun397,41,/b/bathroom,sun397-category:41,REVIEW_NATIVE_CATEGORY
sun397,42,/b/batters_box,sun397-category:42,REVIEW_NATIVE_CATEGORY
sun397,44,/b/bazaar/indoor,sun397-category:44,REVIEW_NATIVE_CATEGORY
sun397,45,/b/bazaar/outdoor,sun397-category:45,REVIEW_NATIVE_CATEGORY
sun397,49,/b/berth,sun397-category:49,REVIEW_NATIVE_CATEGORY
sun397,56,/b/booth/indoor,sun397-category:56,REVIEW_NATIVE_CATEGORY
sun397,60,/b/bowling_alley,sun397-category:60,REVIEW_NATIVE_CATEGORY
sun397,63,/b/bridge,sun397-category:63,REVIEW_NATIVE_CATEGORY
sun397,64,/b/building_facade,sun397-category:64,REVIEW_NATIVE_CATEGORY
sun397,67,/b/bus_interior,sun397-category:67,REVIEW_NATIVE_CATEGORY
sun397,68,/b/butchers_shop,sun397-category:68,REVIEW_NATIVE_CATEGORY
sun397,70,/c/cabin/outdoor,sun397-category:70,REVIEW_NATIVE_CATEGORY
sun397,74,/c/canal/natural,sun397-category:74,REVIEW_NATIVE_CATEGORY
sun397,75,/c/canal/urban,sun397-category:75,REVIEW_NATIVE_CATEGORY
sun397,78,/c/car_interior/backseat,sun397-category:78,REVIEW_NATIVE_CATEGORY
sun397,79,/c/car_interior/frontseat,sun397-category:79,REVIEW_NATIVE_CATEGORY
sun397,82,/c/castle,sun397-category:82,REVIEW_NATIVE_CATEGORY
sun397,84,/c/cathedral/indoor,sun397-category:84,REVIEW_NATIVE_CATEGORY
sun397,85,/c/cathedral/outdoor,sun397-category:85,REVIEW_NATIVE_CATEGORY
sun397,86,/c/cavern/indoor,sun397-category:86,REVIEW_NATIVE_CATEGORY
sun397,89,/c/cheese_factory,sun397-category:89,REVIEW_NATIVE_CATEGORY
sun397,93,/c/childs_room,sun397-category:93,REVIEW_NATIVE_CATEGORY
sun397,99,/c/cloister/indoor,sun397-category:99,REVIEW_NATIVE_CATEGORY
sun397,100,/c/closet,sun397-category:100,REVIEW_NATIVE_CATEGORY
sun397,102,/c/coast,sun397-category:102,REVIEW_NATIVE_CATEGORY
sun397,103,/c/cockpit,sun397-category:103,REVIEW_NATIVE_CATEGORY
sun397,105,/c/computer_room,sun397-category:105,REVIEW_NATIVE_CATEGORY
sun397,108,/c/construction_site,sun397-category:108,REVIEW_NATIVE_CATEGORY
sun397,114,/c/cottage_garden,sun397-category:114,REVIEW_NATIVE_CATEGORY
sun397,115,/c/courthouse,sun397-category:115,REVIEW_NATIVE_CATEGORY
sun397,119,/c/creek,sun397-category:119,REVIEW_NATIVE_CATEGORY
sun397,122,/c/cubicle/office,sun397-category:122,REVIEW_NATIVE_CATEGORY
sun397,123,/d/dam,sun397-category:123,REVIEW_NATIVE_CATEGORY
sun397,124,/d/delicatessen,sun397-category:124,REVIEW_NATIVE_CATEGORY
sun397,125,/d/dentists_office,sun397-category:125,REVIEW_NATIVE_CATEGORY
sun397,128,/d/diner/indoor,sun397-category:128,REVIEW_NATIVE_CATEGORY
sun397,129,/d/diner/outdoor,sun397-category:129,REVIEW_NATIVE_CATEGORY
sun397,135,/d/dock,sun397-category:135,REVIEW_NATIVE_CATEGORY
sun397,141,/e/electrical_substation,sun397-category:141,REVIEW_NATIVE_CATEGORY
sun397,142,/e/elevator/door,sun397-category:142,REVIEW_NATIVE_CATEGORY
sun397,143,/e/elevator/interior,sun397-category:143,REVIEW_NATIVE_CATEGORY
sun397,147,/e/excavation,sun397-category:147,REVIEW_NATIVE_CATEGORY
sun397,149,/f/fairway,sun397-category:149,REVIEW_NATIVE_CATEGORY
sun397,150,/f/fastfood_restaurant,sun397-category:150,REVIEW_NATIVE_CATEGORY
sun397,151,/f/field/cultivated,sun397-category:151,REVIEW_NATIVE_CATEGORY
sun397,152,/f/field/wild,sun397-category:152,REVIEW_NATIVE_CATEGORY
sun397,161,/f/forest_path,sun397-category:161,REVIEW_NATIVE_CATEGORY
sun397,162,/f/forest_road,sun397-category:162,REVIEW_NATIVE_CATEGORY
sun397,164,/f/fountain,sun397-category:164,REVIEW_NATIVE_CATEGORY
sun397,165,/g/galley,sun397-category:165,REVIEW_NATIVE_CATEGORY
sun397,167,/g/garage/indoor,sun397-category:167,REVIEW_NATIVE_CATEGORY
sun397,180,/h/harbor,sun397-category:180,REVIEW_NATIVE_CATEGORY
sun397,185,/h/hill,sun397-category:185,REVIEW_NATIVE_CATEGORY
sun397,193,/h/house,sun397-category:193,REVIEW_NATIVE_CATEGORY
sun397,195,/i/ice_cream_parlor,sun397-category:195,REVIEW_NATIVE_CATEGORY
sun397,200,/i/iceberg,sun397-category:200,REVIEW_NATIVE_CATEGORY
sun397,205,/j/jacuzzi/indoor,sun397-category:205,REVIEW_NATIVE_CATEGORY
sun397,208,/j/jewelry_shop,sun397-category:208,REVIEW_NATIVE_CATEGORY
sun397,212,/k/kindergarden_classroom,sun397-category:212,REVIEW_NATIVE_CATEGORY
sun397,215,/l/labyrinth/outdoor,sun397-category:215,REVIEW_NATIVE_CATEGORY
sun397,216,/l/lake/natural,sun397-category:216,REVIEW_NATIVE_CATEGORY
sun397,221,/l/library/indoor,sun397-category:221,REVIEW_NATIVE_CATEGORY
sun397,222,/l/library/outdoor,sun397-category:222,REVIEW_NATIVE_CATEGORY
sun397,226,/l/limousine_interior,sun397-category:226,REVIEW_NATIVE_CATEGORY
sun397,231,/m/mansion,sun397-category:231,REVIEW_NATIVE_CATEGORY
sun397,233,/m/market/indoor,sun397-category:233,REVIEW_NATIVE_CATEGORY
sun397,234,/m/market/outdoor,sun397-category:234,REVIEW_NATIVE_CATEGORY
sun397,236,/m/martial_arts_gym,sun397-category:236,REVIEW_NATIVE_CATEGORY
sun397,245,/m/mountain_snowy,sun397-category:245,REVIEW_NATIVE_CATEGORY
sun397,248,/m/music_store,sun397-category:248,REVIEW_NATIVE_CATEGORY
sun397,249,/m/music_studio,sun397-category:249,REVIEW_NATIVE_CATEGORY
sun397,250,/n/nuclear_power_plant/outdoor,sun397-category:250,REVIEW_NATIVE_CATEGORY
sun397,253,/o/observatory/outdoor,sun397-category:253,REVIEW_NATIVE_CATEGORY
sun397,263,/p/palace,sun397-category:263,REVIEW_NATIVE_CATEGORY
sun397,265,/p/park,sun397-category:265,REVIEW_NATIVE_CATEGORY
sun397,266,/p/parking_garage/indoor,sun397-category:266,REVIEW_NATIVE_CATEGORY
sun397,267,/p/parking_garage/outdoor,sun397-category:267,REVIEW_NATIVE_CATEGORY
sun397,269,/p/parlor,sun397-category:269,REVIEW_NATIVE_CATEGORY
sun397,270,/p/pasture,sun397-category:270,REVIEW_NATIVE_CATEGORY
sun397,278,/p/planetarium/outdoor,sun397-category:278,REVIEW_NATIVE_CATEGORY
sun397,279,/p/playground,sun397-category:279,REVIEW_NATIVE_CATEGORY
sun397,281,/p/plaza,sun397-category:281,REVIEW_NATIVE_CATEGORY
sun397,293,/r/raceway,sun397-category:293,REVIEW_NATIVE_CATEGORY
sun397,294,/r/raft,sun397-category:294,REVIEW_NATIVE_CATEGORY
sun397,296,/r/rainforest,sun397-category:296,REVIEW_NATIVE_CATEGORY
sun397,299,/r/residential_neighborhood,sun397-category:299,REVIEW_NATIVE_CATEGORY
sun397,301,/r/restaurant_kitchen,sun397-category:301,REVIEW_NATIVE_CATEGORY
sun397,302,/r/restaurant_patio,sun397-category:302,REVIEW_NATIVE_CATEGORY
sun397,304,/r/riding_arena,sun397-category:304,REVIEW_NATIVE_CATEGORY
sun397,306,/r/rock_arch,sun397-category:306,REVIEW_NATIVE_CATEGORY
sun397,308,/r/ruin,sun397-category:308,REVIEW_NATIVE_CATEGORY
sun397,309,/r/runway,sun397-category:309,REVIEW_NATIVE_CATEGORY
sun397,311,/s/sandbox,sun397-category:311,REVIEW_NATIVE_CATEGORY
sun397,314,/s/sea_cliff,sun397-category:314,REVIEW_NATIVE_CATEGORY
sun397,315,/s/server_room,sun397-category:315,REVIEW_NATIVE_CATEGORY
sun397,320,/s/shower,sun397-category:320,REVIEW_NATIVE_CATEGORY
sun397,321,/s/skatepark,sun397-category:321,REVIEW_NATIVE_CATEGORY
sun397,333,/s/stage/indoor,sun397-category:333,REVIEW_NATIVE_CATEGORY
sun397,335,/s/street,sun397-category:335,REVIEW_NATIVE_CATEGORY
sun397,336,/s/subway_interior,sun397-category:336,REVIEW_NATIVE_CATEGORY
sun397,345,/t/television_studio,sun397-category:345,REVIEW_NATIVE_CATEGORY
sun397,346,/t/temple/east_asia,sun397-category:346,REVIEW_NATIVE_CATEGORY
sun397,347,/t/temple/south_asia,sun397-category:347,REVIEW_NATIVE_CATEGORY
sun397,350,/t/tent/outdoor,sun397-category:350,REVIEW_NATIVE_CATEGORY
sun397,351,/t/theater/indoor_procenium,sun397-category:351,REVIEW_NATIVE_CATEGORY
sun397,352,/t/theater/indoor_seats,sun397-category:352,REVIEW_NATIVE_CATEGORY
sun397,354,/t/throne_room,sun397-category:354,REVIEW_NATIVE_CATEGORY
sun397,357,/t/topiary_garden,sun397-category:357,REVIEW_NATIVE_CATEGORY
sun397,358,/t/tower,sun397-category:358,REVIEW_NATIVE_CATEGORY
sun397,360,/t/track/outdoor,sun397-category:360,REVIEW_NATIVE_CATEGORY
sun397,361,/t/train_railway,sun397-category:361,REVIEW_NATIVE_CATEGORY
sun397,365,/t/trench,sun397-category:365,REVIEW_NATIVE_CATEGORY
sun397,366,/u/underwater/coral_reef,sun397-category:366,REVIEW_NATIVE_CATEGORY
sun397,367,/u/utility_room,sun397-category:367,REVIEW_NATIVE_CATEGORY
sun397,369,/v/van_interior,sun397-category:369,REVIEW_NATIVE_CATEGORY
sun397,372,/v/veterinarians_office,sun397-category:372,REVIEW_NATIVE_CATEGORY
sun397,374,/v/videostore,sun397-category:374,REVIEW_NATIVE_CATEGORY
sun397,377,/v/volcano,sun397-category:377,REVIEW_NATIVE_CATEGORY
sun397,387,/w/wave,sun397-category:387,REVIEW_NATIVE_CATEGORY
sun397,391,/w/windmill,sun397-category:391,REVIEW_NATIVE_CATEGORY
sun397,395,/y/yard,sun397-category:395,REVIEW_NATIVE_CATEGORY
