dataset,view,labels,strict_class_root,class_root_in_view,typed_root,root_path,native_label_usable,identity_usable,hierarchy_usable,strict_classification_usable,species_usable,model_usable,model_design_usable,configuration_usable,instance_usable
caltech101,strict,102,0,0,54,54,102,0,54,0,0,0,0,0,0
caltech101,taxonomy,102,0,0,54,54,102,0,54,0,0,0,0,0,0
caltech101,membership,102,0,0,0,0,102,0,0,0,0,0,0,0,0
cub200,strict,200,16,16,0,16,200,200,16,16,0,0,0,0,0
cub200,taxonomy,200,16,200,0,200,200,200,200,0,179,0,0,0,0
cub200,membership,200,16,0,0,0,200,200,0,0,0,0,0,0,0
dtd,strict,47,0,0,47,47,47,47,47,0,0,0,0,0,0
dtd,taxonomy,47,0,0,47,47,47,47,47,0,0,0,0,0,0
dtd,membership,47,0,0,0,0,47,47,0,0,0,0,0,0,0
eurosat,strict,10,0,0,6,6,10,0,6,0,0,0,0,0,0
eurosat,taxonomy,10,0,0,6,6,10,0,6,0,0,0,0,0,0
eurosat,membership,10,0,0,0,0,10,0,0,0,0,0,0,0,0
fgvc_aircraft,strict,100,93,93,45,100,100,100,100,93,0,39,52,0,0
fgvc_aircraft,taxonomy,100,93,93,45,100,100,100,100,0,0,39,52,0,0
fgvc_aircraft,membership,100,93,0,0,0,100,100,0,0,0,0,0,0,0
flowers102,strict,102,96,96,4,100,102,100,100,96,64,0,0,0,0
flowers102,taxonomy,102,96,98,4,102,102,100,102,0,65,0,0,0,0
flowers102,membership,102,96,0,0,0,102,100,0,0,0,0,0,0,0
food101,strict,101,101,101,0,101,101,0,101,0,0,0,0,0,0
food101,taxonomy,101,101,101,0,101,101,0,101,0,0,0,0,0,0
food101,membership,101,101,0,0,0,101,0,0,0,0,0,0,0,0
pets37,strict,37,37,37,0,37,37,37,37,37,0,0,0,0,0
pets37,taxonomy,37,37,37,0,37,37,37,37,0,0,0,0,0,0
pets37,membership,37,37,0,0,0,37,37,0,0,0,0,0,0,0
places365,strict,365,0,0,242,242,365,0,242,0,0,0,0,0,0
places365,taxonomy,365,0,0,242,242,365,0,242,0,0,0,0,0,0
places365,membership,365,0,0,0,0,365,0,0,0,0,0,0,0,0
resisc45,strict,45,0,0,30,30,45,0,30,0,0,0,0,0,0
resisc45,taxonomy,45,0,0,30,30,45,0,30,0,0,0,0,0,0
resisc45,membership,45,0,0,0,0,45,0,0,0,0,0,0,0,0
stanford_cars,strict,196,4,4,196,196,196,196,196,4,0,0,0,196,0
stanford_cars,taxonomy,196,4,4,196,196,196,196,196,0,0,0,0,196,0
stanford_cars,membership,196,4,0,0,0,196,196,0,0,0,0,0,0,0
stanford_dogs,strict,120,119,119,0,119,120,120,119,119,1,0,0,0,0
stanford_dogs,taxonomy,120,119,120,0,120,120,120,120,0,2,0,0,0,0
stanford_dogs,membership,120,119,0,0,0,120,120,0,0,0,0,0,0,0
sun397,strict,397,0,0,260,260,397,0,260,0,0,0,0,0,0
sun397,taxonomy,397,0,0,260,260,397,0,260,0,0,0,0,0,0
sun397,membership,397,0,0,0,0,397,0,0,0,0,0,0,0,0
