domain,中文领域,view,before_CLASS_uids,after_CLASS_uids,before_CLASS_groups,after_CLASS_groups,before_max_shortest_CLASS_depth,after_max_shortest_CLASS_depth,before_CLASS_layer_UIDs,after_CLASS_layer_UIDs,after_CLASS_layer_groups,before_CLASS_path_role_gap_UIDs,after_CLASS_path_role_gap_UIDs,new_CLASS_UIDs_in_scope,MODEL_FAMILY_UIDs,MODEL_UIDs,CONFIGURATION_UIDs,INSTANCE_UIDs,nonadjacent_shortest_layer_edges,coverage_boundary
agricultural_habitats,农业生境,strict,26,26,26,26,3,3,"1,2,8,15","1,2,8,15","1,2,8,15",0,0,0,0,0,0,0,0,保留 EUNIS 版本及生态类型定义；生境复合体按整体描述分类，组分不是整个复合体的父类。
aircraft,航空器,strict,17285,16247,12279,11351,11,10,"4,3131,1775,2718,3071,2683,1854,1071,729,210,38,1","4,2246,2122,3374,3551,2469,1450,594,271,132,34","1,2055,1288,2302,2266,1690,1042,420,171,89,27",2961,0,44,1765,100033,0,6,2184,"FAA 94,043 型号全部按原生字段接入；13 个 other 结构码只判定已知动力，不猜具体结构；用途与整家族变体不外推。"
animals,动物,strict,2865559,2865559,2865131,2865131,33,33,"4,1170,6547,3306,4137,4663,10009,23308,34005,50129,60375,91391,142146,95362,87105,58167,117800,117125,74387,57698,251955,309666,374398,239026,118068,156660,214906,113103,26031,15340,3746,3708,115,3","4,1170,6547,3306,4137,4663,10009,23308,34005,50129,60375,91391,142146,95362,87105,58167,117800,117125,74387,57698,251955,309666,374398,239026,118068,156660,214906,113103,26031,15340,3746,3708,115,3","2,1170,6544,3185,4131,4659,10003,23299,33919,50118,60324,91380,142145,95360,87103,58166,117797,117123,74383,57692,251944,309654,374384,239008,118051,156642,214903,113102,26030,15339,3745,3708,115,3",0,0,0,0,0,0,19,1620,既有原生生物分类保留；植物 series 属于分类阶元；生物变体、冲突阶元和产品式系列分开，未为已深体系补假层。
aquifers,含水层,strict,16,9,16,9,1,2,"1,15","1,7,1","1,7,1",0,0,1,0,0,0,8,0,通用环境/地貌类型与命名地物实例分别保留；位置、组成、成因不自动当子类；未记录物理特征的命名实例不强挂更窄类型。
archaea,古菌,strict,9883,9883,9883,9883,7,7,"1,1017,1213,383,742,2371,4154,2","1,1017,1213,383,742,2371,4154,2","1,1017,1213,383,742,2371,4154,2",0,0,0,0,0,0,0,0,既有原生生物分类保留；植物 series 属于分类阶元；生物变体、冲突阶元和产品式系列分开，未为已深体系补假层。
artificial_habitats,人工生境,strict,70,70,70,70,4,4,"1,6,34,27,2","1,6,34,27,2","1,6,34,27,2",0,0,0,0,0,0,0,0,保留 EUNIS 版本及生态类型定义；生境复合体按整体描述分类，组分不是整个复合体的父类。
bacteria,细菌,strict,441205,441205,441205,441205,8,8,"2,44093,7607,14221,10430,22631,337125,5066,30","2,44093,7607,14221,10430,22631,337125,5066,30","2,44093,7607,14221,10430,22631,337125,5066,30",0,0,0,0,0,0,0,2,既有原生生物分类保留；植物 series 属于分类阶元；生物变体、冲突阶元和产品式系列分开，未为已深体系补假层。
beaches,海滩,strict,17,23,17,23,2,2,"2,12,3","2,17,4","2,17,4",0,0,6,0,0,0,16173,1,通用环境/地貌类型与命名地物实例分别保留；位置、组成、成因不自动当子类；未记录物理特征的命名实例不强挂更窄类型。
birds,鸟类,strict,33403,33403,33347,33347,9,9,"3,1365,717,1537,4480,12539,8596,3561,578,27","3,1365,717,1537,4480,12539,8596,3561,578,27","2,1363,711,1528,4470,12528,8587,3553,578,27",0,0,0,0,0,0,0,643,既有原生生物分类保留；植物 series 属于分类阶元；生物变体、冲突阶元和产品式系列分开，未为已深体系补假层。
bridges,桥梁,strict,63,63,63,63,3,3,"2,43,17,1","2,43,17,1","2,43,17,1",0,0,0,0,1,0,26,3,沿用有证据的原生/专业类别；结构、功能、材料、平台等不同轴可并存；只有全范围证据才细分家族，无证据的末端保留较宽接入。
buildings,建筑,strict,609,633,606,630,5,5,"2,149,220,215,14,9","2,147,229,229,16,10","1,147,227,229,16,10",0,0,0,2,6,0,45,8,沿用有证据的原生/专业类别；结构、功能、材料、平台等不同轴可并存；只有全范围证据才细分家族，无证据的末端保留较宽接入。
camera_bodies,相机机身,strict,71,74,71,74,4,4,"2,27,28,7,7","2,27,30,9,6","2,27,30,9,6",0,0,2,17,200,0,0,0,整相机与镜头分开；兼容 camera_bodies 范围沿用整摄影相机入口，不表示所有记录都是裸机身。
camera_lenses,相机镜头,strict,26,27,26,27,2,2,"2,9,15","2,11,14","2,11,14",0,0,2,9,553,0,0,1,整相机与镜头分开；兼容 camera_bodies 范围沿用整摄影相机入口，不表示所有记录都是裸机身。
cameras,相机,strict,61,57,61,57,3,3,"1,34,19,7","1,29,21,6","1,29,21,6",0,0,4,49,1339,0,0,2,整相机与镜头分开；兼容 camera_bodies 范围沿用整摄影相机入口，不表示所有记录都是裸机身。
cars,汽车,strict,3256,2964,2120,1917,4,4,"4,1138,1579,263,272","4,972,1478,238,272","1,676,814,158,268",1212,0,5,86,7197,55007,1,28,动力类型仅作用于有原生字段的配置；EPA car-line 分组单独导航，不外推到整车型或每辆车的物理车身。
ceramic_capacitors,陶瓷电容,strict,2,3,2,3,1,2,"1,1","1,1,1","1,1,1",0,0,1,45,0,3873,0,0,"Murata 12 系列与 3,873 料号配置进入芯片单片多层结构；介质、温度、规格不串成层级；来源覆盖不等于全品牌。"
clothing,服装,strict,1598,1576,1595,1573,6,6,"3,52,362,860,245,71,5","3,53,358,828,257,72,5","1,52,358,828,257,72,5",0,0,3,10,32,0,0,37,沿用有证据的原生/专业类别；结构、功能、材料、平台等不同轴可并存；只有全范围证据才细分家族，无证据的末端保留较宽接入。
clouds,云,strict,50,74,50,74,2,3,"2,44,4","2,45,18,9","2,45,18,9",0,0,24,0,0,0,0,1,沿用有证据的原生/专业类别；结构、功能、材料、平台等不同轴可并存；只有全范围证据才细分家族，无证据的末端保留较宽接入。
coastal_habitats,海岸生境,strict,366,366,366,366,5,5,"2,6,44,148,148,18","2,6,44,148,148,18","2,6,44,148,148,18",0,0,0,0,0,0,0,0,保留 EUNIS 版本及生态类型定义；生境复合体按整体描述分类，组分不是整个复合体的父类。
computer_hardware,计算机硬件,strict,18,38,18,38,1,3,"5,13","5,24,6,3","5,24,6,3",0,0,20,49,1543,13,0,2,沿用有证据的原生/专业类别；结构、功能、材料、平台等不同轴可并存；只有全范围证据才细分家族，无证据的末端保留较宽接入。
computer_monitors,显示器,strict,3,9,3,9,1,3,"2,1","2,2,2,3","2,2,2,3",0,0,6,2,13,0,0,1,沿用有证据的原生/专业类别；结构、功能、材料、平台等不同轴可并存；只有全范围证据才细分家族，无证据的末端保留较宽接入。
computers,计算机,strict,271,200,271,200,7,6,"2,149,69,32,7,9,2,1","2,97,56,28,9,7,1","2,97,56,28,9,7,1",2,0,13,100,525,91,5,20,沿用有证据的原生/专业类别；结构、功能、材料、平台等不同轴可并存；只有全范围证据才细分家族，无证据的末端保留较宽接入。
deserts,沙漠,strict,14,15,14,15,1,2,"2,12","2,11,2","2,11,2",0,0,1,0,0,0,1036,1,通用环境/地貌类型与命名地物实例分别保留；位置、组成、成因不自动当子类；未记录物理特征的命名实例不强挂更窄类型。
desktop_computers,台式计算机,strict,1,2,1,2,0,1,1,"1,1","1,1",0,0,1,2,32,0,0,0,本次覆盖支持台式机→一体式台式机这一层专业细分；未用尺寸、品牌或年份制造额外层次。型号/配置另列。
digital_cameras,数码相机,strict,16,17,16,17,2,2,"2,3,11","2,5,10","2,5,10",0,0,2,13,195,0,0,1,整相机与镜头分开；兼容 camera_bodies 范围沿用整摄影相机入口，不表示所有记录都是裸机身。
dishes,菜肴,strict,926,926,925,925,5,5,"2,314,496,92,21,1","2,314,496,92,21,1","1,314,496,92,21,1",0,0,0,0,0,0,0,49,沿用有证据的原生/专业类别；结构、功能、材料、平台等不同轴可并存；只有全范围证据才细分家族，无证据的末端保留较宽接入。
earbuds,入耳式耳机,strict,1,3,1,3,0,2,1,"1,1,1","1,1,1",0,0,2,2,4,3,0,0,用准确产品/配置字段连接已有通用类型；不从某一 SKU 推断整系列，不将品牌家族作为类别根。
electronic_components,电子元件,strict,134,129,128,123,4,5,"1,18,47,43,25","1,18,40,45,23,2","1,17,38,42,23,2",0,0,6,48,2898,3873,0,1,沿用有证据的原生/专业类别；结构、功能、材料、平台等不同轴可并存；只有全范围证据才细分家族，无证据的末端保留较宽接入。
electronic_devices,电子设备,strict,242,236,242,236,6,7,"2,65,124,35,11,4,1","2,66,70,74,13,5,3,3","2,66,70,74,13,5,3,3",0,0,25,8,147,91,0,13,沿用有证据的原生/专业类别；结构、功能、材料、平台等不同轴可并存；只有全范围证据才细分家族，无证据的末端保留较宽接入。
electronic_equipment,电子装备,strict,494,471,492,469,5,6,"1,25,57,47,132,232","1,26,68,46,84,242,4","1,26,68,44,84,242,4",1,0,15,61,766,20,0,7,沿用有证据的原生/专业类别；结构、功能、材料、平台等不同轴可并存；只有全范围证据才细分家族，无证据的末端保留较宽接入。
fitness_trackers,运动追踪器,strict,1,4,1,4,0,2,1,"1,2,1","1,2,1",0,0,2,0,8,5,0,0,用准确产品/配置字段连接已有通用类型；不从某一 SKU 推断整系列，不将品牌家族作为类别根。
food_products,食品,strict,12338,12338,12337,12337,12,12,"1,22,310,932,1908,2896,2680,2116,879,318,166,102,8","1,22,310,932,1908,2896,2680,2116,879,318,166,102,8","1,22,310,931,1908,2896,2680,2116,879,318,166,102,8",0,0,0,0,0,0,0,791,沿用有证据的原生/专业类别；结构、功能、材料、平台等不同轴可并存；只有全范围证据才细分家族，无证据的末端保留较宽接入。
forest_habitats,森林生境,strict,2852,2852,2852,2852,7,7,"2,9,114,468,1051,812,365,31","2,9,114,468,1051,812,365,31","2,9,114,468,1051,812,365,31",0,0,0,0,0,0,0,0,保留 EUNIS 版本及生态类型定义；生境复合体按整体描述分类，组分不是整个复合体的父类。
forests,森林,strict,2871,2871,2871,2871,7,7,"4,25,115,468,1051,812,365,31","4,25,115,468,1051,812,365,31","4,25,115,468,1051,812,365,31",0,0,0,0,0,0,91949,0,沿用有证据的原生/专业类别；结构、功能、材料、平台等不同轴可并存；只有全范围证据才细分家族，无证据的末端保留较宽接入。
freshwater_habitats,淡水生境,strict,236,306,236,306,6,6,"1,3,21,98,63,45,5","1,3,59,117,76,45,5","1,3,59,117,76,45,5",0,0,70,0,0,0,0,0,保留 EUNIS 版本及生态类型定义；生境复合体按整体描述分类，组分不是整个复合体的父类。
fungi,真菌,strict,396270,396270,396269,396269,15,15,"3,12557,2168,464,1094,6228,5242,4098,6772,6981,105882,15015,82515,128068,19166,17","3,12557,2168,464,1094,6228,5242,4098,6772,6981,105882,15015,82515,128068,19166,17","2,12557,2168,464,1094,6228,5242,4098,6772,6981,105882,15015,82515,128068,19166,17",0,0,0,0,0,0,0,1,既有原生生物分类保留；植物 series 属于分类阶元；生物变体、冲突阶元和产品式系列分开，未为已深体系补假层。
furniture,家具,strict,1338,1340,1335,1337,7,7,"3,125,266,406,386,131,20,1","3,126,268,406,385,131,20,1","1,126,268,405,385,131,20,1",0,0,6,2,20,38,3,99,沿用有证据的原生/专业类别；结构、功能、材料、平台等不同轴可并存；只有全范围证据才细分家族，无证据的末端保留较宽接入。
game_consoles,游戏机,strict,70,39,70,39,2,3,"1,67,2","1,6,31,1","1,6,31,1",0,0,2,3,74,0,0,0,沿用有证据的原生/专业类别；结构、功能、材料、平台等不同轴可并存；只有全范围证据才细分家族，无证据的末端保留较宽接入。
glaciers,冰川,strict,17,29,17,29,2,2,"2,13,2","2,23,4","2,23,4",0,0,12,0,0,0,8293,1,通用环境/地貌类型与命名地物实例分别保留；位置、组成、成因不自动当子类；未记录物理特征的命名实例不强挂更窄类型。
gpus,GPU,strict,3,5,3,5,1,2,"1,2","1,3,1","1,3,1",0,0,3,0,426,0,0,0,处理器芯片与完整显卡分开；集成/独立、GPGPU 能力分别建轴，不推断所有游戏显卡均有相同能力。
graphics_cards,显卡,strict,2,3,2,3,1,2,"1,1","1,1,1","1,1,1",0,0,2,7,40,0,0,0,处理器芯片与完整显卡分开；集成/独立、GPGPU 能力分别建轴，不推断所有游戏显卡均有相同能力。
grasslands,草地,strict,1553,1553,1553,1553,7,7,"2,14,100,330,511,478,96,22","2,14,100,330,511,478,96,22","2,14,100,330,511,478,96,22",0,0,0,0,0,0,0,0,沿用有证据的原生/专业类别；结构、功能、材料、平台等不同轴可并存；只有全范围证据才细分家族，无证据的末端保留较宽接入。
habitat_complexes,生境复合体,strict,31,33,31,33,1,2,"1,30","1,24,8","1,24,8",0,0,2,0,0,0,0,0,保留 EUNIS 版本及生态类型定义；生境复合体按整体描述分类，组分不是整个复合体的父类。
habitats,生境,strict,9148,9220,9148,9220,8,8,"1,18,125,565,2152,3507,2089,638,53","1,18,119,611,2171,3520,2089,638,53","1,18,119,611,2171,3520,2089,638,53",0,0,72,0,0,0,0,0,保留 EUNIS 版本及生态类型定义；生境复合体按整体描述分类，组分不是整个复合体的父类。
hand_tools,手工具,strict,213,225,212,224,5,5,"3,60,113,31,5,1","3,62,119,34,6,1","2,62,119,34,6,1",2,0,8,0,0,34,0,8,沿用有证据的原生/专业类别；结构、功能、材料、平台等不同轴可并存；只有全范围证据才细分家族，无证据的末端保留较宽接入。
headphones,耳机,strict,7,9,7,9,3,3,"2,3,1,1","2,4,2,1","2,4,2,1",0,0,3,3,16,3,0,1,用准确产品/配置字段连接已有通用类型；不从某一 SKU 推断整系列，不将品牌家族作为类别根。
home_appliances,家用电器,strict,103,114,94,105,5,5,"2,24,45,28,2,2","2,25,50,31,3,3","1,20,47,31,3,3",0,0,11,0,2,0,0,14,沿用有证据的原生/专业类别；结构、功能、材料、平台等不同轴可并存；只有全范围证据才细分家族，无证据的末端保留较宽接入。
integrated_circuits,集成电路,strict,31,24,31,24,2,2,"2,27,2","2,21,1","2,21,1",0,0,1,3,11,0,0,0,沿用有证据的原生/专业类别；结构、功能、材料、平台等不同轴可并存；只有全范围证据才细分家族，无证据的末端保留较宽接入。
islands,岛屿,strict,15,30,15,30,1,2,"2,13","2,24,4","2,24,4",0,0,15,0,0,0,185121,1,通用环境/地貌类型与命名地物实例分别保留；位置、组成、成因不自动当子类；未记录物理特征的命名实例不强挂更窄类型。
lakes,湖泊,strict,395,461,395,461,5,5,"3,300,55,20,14,3","3,334,74,33,14,3","3,334,74,33,14,3",0,0,66,0,0,0,414246,1,通用环境/地貌类型与命名地物实例分别保留；位置、组成、成因不自动当子类；未记录物理特征的命名实例不强挂更窄类型。
laptops,笔记本电脑,strict,12,12,12,12,2,2,"2,9,1","2,8,2","2,8,2",0,0,1,17,94,0,0,1,沿用有证据的原生/专业类别；结构、功能、材料、平台等不同轴可并存；只有全范围证据才细分家族，无证据的末端保留较宽接入。
locomotives,机车,strict,363,316,363,316,3,3,"2,354,6,1","2,121,156,37","2,121,156,37",0,0,0,32,163,0,0,19,沿用有证据的原生/专业类别；结构、功能、材料、平台等不同轴可并存；只有全范围证据才细分家族，无证据的末端保留较宽接入。
loudspeakers,扬声器,strict,10,11,10,11,2,2,"1,8,1","1,7,3","1,7,3",0,0,1,0,1,0,0,0,沿用有证据的原生/专业类别；结构、功能、材料、平台等不同轴可并存；只有全范围证据才细分家族，无证据的末端保留较宽接入。
marine_habitats,海洋生境,strict,1099,1099,1099,1099,6,6,"1,8,56,210,606,214,4","1,8,56,210,606,214,4","1,8,56,210,606,214,4",0,0,0,0,0,0,0,0,保留 EUNIS 版本及生态类型定义；生境复合体按整体描述分类，组分不是整个复合体的父类。
medical_devices,医疗设备,strict,1016,1314,1010,1308,3,10,"1,985,24,6","1,98,165,460,274,119,175,13,7,1,1","1,96,161,460,274,119,175,13,7,1,1",1,0,292,0,183,58385,0,7,物理/工作原理类型与 FDA 监管分类分别连接；监管类、包装/尺寸配置不替代真实型号或物理实例。
microprocessors,微处理器,strict,30,32,30,32,1,2,"2,28","2,29,1","2,29,1",0,0,2,12,1091,0,0,0,沿用有证据的原生/专业类别；结构、功能、材料、平台等不同轴可并存；只有全范围证据才细分家族，无证据的末端保留较宽接入。
minerals,矿物,strict,7476,7476,7476,7476,4,4,"2,1120,333,5684,337","2,1120,333,5684,337","2,1120,333,5684,337",0,0,0,0,0,0,0,0,沿用有证据的原生/专业类别；结构、功能、材料、平台等不同轴可并存；只有全范围证据才细分家族，无证据的末端保留较宽接入。
mountain_ranges,山脉,strict,2,4,2,4,0,2,2,"2,1,1","2,1,1",0,0,2,0,0,0,29654,0,通用环境/地貌类型与命名地物实例分别保留；位置、组成、成因不自动当子类；未记录物理特征的命名实例不强挂更窄类型。
mountains,山体,strict,19,33,19,33,2,2,"2,9,8","2,16,15","2,16,15",0,0,14,0,0,0,426206,1,通用环境/地貌类型与命名地物实例分别保留；位置、组成、成因不自动当子类；未记录物理特征的命名实例不强挂更窄类型。
musical_instruments,乐器,strict,4133,4169,4050,4086,9,9,"3,232,285,2749,338,233,149,90,43,11","3,242,299,2762,335,234,149,91,43,11","1,242,296,2687,334,234,149,91,41,11",14,0,0,16,102,0,0,101,沿用有证据的原生/专业类别；结构、功能、材料、平台等不同轴可并存；只有全范围证据才细分家族，无证据的末端保留较宽接入。
network_routers,路由器,strict,5,8,5,8,1,3,"2,3","2,3,2,1","2,3,2,1",0,0,3,1,24,0,0,0,沿用有证据的原生/专业类别；结构、功能、材料、平台等不同轴可并存；只有全范围证据才细分家族，无证据的末端保留较宽接入。
network_switches,网络交换机,strict,3,6,3,6,1,2,"1,2","1,4,1","1,4,1",0,0,3,0,20,0,0,0,沿用有证据的原生/专业类别；结构、功能、材料、平台等不同轴可并存；只有全范围证据才细分家族，无证据的末端保留较宽接入。
pcbs,印刷电路板,strict,18,19,18,19,3,4,"1,4,6,7","1,4,6,7,1","1,4,6,7,1",0,0,2,10,44,0,0,0,沿用有证据的原生/专业类别；结构、功能、材料、平台等不同轴可并存；只有全范围证据才细分家族，无证据的末端保留较宽接入。
plants,植物,strict,464186,464486,463821,464121,13,13,"5,1246,1182,2811,1986,9453,167598,80971,87976,83891,22803,4212,47,5","5,1245,1182,2811,1986,9453,167598,80976,88054,84027,22833,4223,88,5","2,1244,1173,2790,1960,9185,167561,80976,88054,84027,22833,4223,88,5",281,0,0,0,1,0,2,39,既有原生生物分类保留；植物 series 属于分类阶元；生物变体、冲突阶元和产品式系列分开，未为已深体系补假层。
power_tools,动力工具,strict,55,56,53,54,3,3,"3,17,21,14","3,17,21,15","2,16,21,15",0,0,0,0,0,0,0,0,沿用有证据的原生/专业类别；结构、功能、材料、平台等不同轴可并存；只有全范围证据才细分家族，无证据的末端保留较宽接入。
printers,打印机,strict,7,15,7,15,1,3,"1,6","1,8,5,1","1,8,5,1",0,0,2,2,35,0,0,2,沿用有证据的原生/专业类别；结构、功能、材料、平台等不同轴可并存；只有全范围证据才细分家族，无证据的末端保留较宽接入。
rivers,河流,strict,69,73,69,73,3,3,"4,27,31,7","4,31,31,7","4,31,31,7",0,0,4,0,0,0,1004645,2,通用环境/地貌类型与命名地物实例分别保留；位置、组成、成因不自动当子类；未记录物理特征的命名实例不强挂更窄类型。
rocks,岩石,strict,201,201,201,201,4,4,"2,112,51,14,22","2,112,51,14,22","2,112,51,14,22",0,0,0,0,0,0,0,2,沿用有证据的原生/专业类别；结构、功能、材料、平台等不同轴可并存；只有全范围证据才细分家族，无证据的末端保留较宽接入。
scrub_and_tundra,灌丛与苔原,strict,1607,1607,1607,1607,6,6,"2,20,85,431,686,297,86","2,20,85,431,686,297,86","2,20,85,431,686,297,86",0,0,0,0,0,0,0,0,沿用有证据的原生/专业类别；结构、功能、材料、平台等不同轴可并存；只有全范围证据才细分家族，无证据的末端保留较宽接入。
semiconductor_devices,半导体器件,strict,49,49,49,49,3,4,"1,11,15,22","1,10,17,20,1","1,10,17,20,1",0,0,4,0,2887,0,0,0,沿用有证据的原生/专业类别；结构、功能、材料、平台等不同轴可并存；只有全范围证据才细分家族，无证据的末端保留较宽接入。
semiconductor_diodes,半导体二极管,strict,20,26,20,26,2,3,"2,16,2","2,17,6,1","2,17,6,1",0,0,4,0,2880,0,0,0,沿用有证据的原生/专业类别；结构、功能、材料、平台等不同轴可并存；只有全范围证据才细分家族，无证据的末端保留较宽接入。
ships,船舶,strict,369,453,369,453,4,4,"2,233,79,40,15","2,195,129,93,34","2,195,129,93,34",0,0,0,42,877,0,2666,8,沿用有证据的原生/专业类别；结构、功能、材料、平台等不同轴可并存；只有全范围证据才细分家族，无证据的末端保留较宽接入。
single_board_computers,单板计算机,strict,4,5,4,5,2,2,"1,2,1","1,3,1","1,3,1",0,0,1,1,7,0,0,0,沿用有证据的原生/专业类别；结构、功能、材料、平台等不同轴可并存；只有全范围证据才细分家族，无证据的末端保留较宽接入。
smartphones,智能手机,strict,229,230,229,230,1,2,"1,228","1,228,1","1,228,1",1,0,0,51,539,0,0,0,沿用有证据的原生/专业类别；结构、功能、材料、平台等不同轴可并存；只有全范围证据才细分家族，无证据的末端保留较宽接入。
smartwatches,智能手表,strict,3,5,3,5,1,3,"1,2","1,2,1,1","1,2,1,1",0,0,3,2,62,91,0,0,用准确产品/配置字段连接已有通用类型；不从某一 SKU 推断整系列，不将品牌家族作为类别根。
solid_state_drives,固态硬盘,strict,1,7,1,7,0,2,1,"1,4,2","1,4,2",0,0,6,34,13,13,0,0,沿用有证据的原生/专业类别；结构、功能、材料、平台等不同轴可并存；只有全范围证据才细分家族，无证据的末端保留较宽接入。
source_electronic_devices,来源原生电子设备,strict,140,119,140,119,3,4,"1,44,90,5","1,44,32,41,1","1,44,32,41,1",0,0,7,6,110,5,0,0,沿用有证据的原生/专业类别；结构、功能、材料、平台等不同轴可并存；只有全范围证据才细分家族，无证据的末端保留较宽接入。
source_integrated_circuits,来源原生集成电路,strict,30,23,30,23,2,2,"1,27,2","1,21,1","1,21,1",0,0,1,3,11,0,0,0,沿用有证据的原生/专业类别；结构、功能、材料、平台等不同轴可并存；只有全范围证据才细分家族，无证据的末端保留较宽接入。
source_semiconductor_diodes,来源原生半导体二极管,strict,10,16,10,16,2,3,"1,8,1","1,10,4,1","1,10,4,1",0,0,4,0,2880,0,0,0,沿用有证据的原生/专业类别；结构、功能、材料、平台等不同轴可并存；只有全范围证据才细分家族，无证据的末端保留较宽接入。
sparse_vegetation_habitats,稀疏植被生境,strict,564,564,564,564,6,6,"2,13,66,226,162,67,28","2,13,66,226,162,67,28","2,13,66,226,162,67,28",0,0,0,0,0,0,0,0,保留 EUNIS 版本及生态类型定义；生境复合体按整体描述分类，组分不是整个复合体的父类。
sports_equipment,运动器材,strict,109,113,109,113,5,5,"1,21,53,19,13,2","1,22,54,21,13,2","1,22,54,21,13,2",0,0,2,0,14,2,0,5,沿用有证据的原生/专业类别；结构、功能、材料、平台等不同轴可并存；只有全范围证据才细分家族，无证据的末端保留较宽接入。
surgical_instruments,外科器械,strict,66,77,65,76,2,2,"2,25,39","2,28,47","2,27,47",0,0,10,0,0,6020,0,39,物理/工作原理类型与 FDA 监管分类分别连接；监管类、包装/尺寸配置不替代真实型号或物理实例。
tablets,平板电脑,strict,27,13,27,13,1,2,"1,26","1,7,5","1,7,5",0,0,3,17,114,0,0,0,沿用有证据的原生/专业类别；结构、功能、材料、平台等不同轴可并存；只有全范围证据才细分家族，无证据的末端保留较宽接入。
television_sets,电视机,strict,9,13,9,13,1,2,"2,7","2,5,6","2,5,6",0,0,4,0,24,0,0,0,沿用有证据的原生/专业类别；结构、功能、材料、平台等不同轴可并存；只有全范围证据才细分家族，无证据的末端保留较宽接入。
tools,工具,strict,906,925,902,921,7,7,"2,75,253,324,132,79,37,4","2,70,258,337,136,82,36,4","2,68,257,337,136,82,35,4",2,0,16,0,7,197,0,24,沿用有证据的原生/专业类别；结构、功能、材料、平台等不同轴可并存；只有全范围证据才细分家族，无证据的末端保留较宽接入。
tractors,拖拉机,strict,35,36,35,36,2,2,"2,31,2","2,31,3","2,31,3",0,0,4,4,24,0,0,0,沿用有证据的原生/专业类别；结构、功能、材料、平台等不同轴可并存；只有全范围证据才细分家族，无证据的末端保留较宽接入。
valleys,山谷,strict,29,48,29,48,3,3,"2,18,7,2","2,29,13,4","2,29,13,4",0,0,19,0,0,0,149526,1,通用环境/地貌类型与命名地物实例分别保留；位置、组成、成因不自动当子类；未记录物理特征的命名实例不强挂更窄类型。
volcanoes,火山,strict,12,23,12,23,1,2,"2,10","2,20,1","2,20,1",0,0,11,0,0,0,820,0,通用环境/地貌类型与命名地物实例分别保留；位置、组成、成因不自动当子类；未记录物理特征的命名实例不强挂更窄类型。
waterfalls,瀑布,strict,14,14,14,14,1,1,"2,12","2,12","2,12",0,0,0,0,0,0,8053,1,现有瀑布专业类型为根下直接子类；未找到充分证据把这些并列形态强行串成更深链。命名瀑布另作实例。
wearable_computers,可穿戴计算机,strict,4,7,4,7,2,5,"1,1,2","1,1,2,1,1,1","1,1,2,1,1,1",0,0,4,2,62,91,0,2,用准确产品/配置字段连接已有通用类型；不从某一 SKU 推断整系列，不将品牌家族作为类别根。
wetlands,湿地,strict,758,758,758,758,6,6,"3,24,42,199,278,158,54","3,24,42,199,278,158,54","3,24,42,199,278,158,54",0,0,0,0,0,0,78714,0,沿用有证据的原生/专业类别；结构、功能、材料、平台等不同轴可并存；只有全范围证据才细分家族，无证据的末端保留较宽接入。
agricultural_habitats,农业生境,taxonomy,26,26,26,26,3,3,"1,2,8,15","1,2,8,15","1,2,8,15",0,0,0,0,0,0,0,0,保留 EUNIS 版本及生态类型定义；生境复合体按整体描述分类，组分不是整个复合体的父类。
aircraft,航空器,taxonomy,17285,16247,12279,11351,11,10,"4,3131,1775,2718,3071,2683,1854,1071,729,210,38,1","4,2246,2122,3374,3551,2469,1450,594,271,132,34","1,2055,1288,2302,2266,1690,1042,420,171,89,27",2961,0,44,1765,100033,0,6,2184,"FAA 94,043 型号全部按原生字段接入；13 个 other 结构码只判定已知动力，不猜具体结构；用途与整家族变体不外推。"
animals,动物,taxonomy,5110220,5110220,5109791,5109791,80,80,"4,1248,6775,3826,8412,10162,25722,79492,294368,245684,277888,231349,215652,160796,185892,282252,335966,223993,136870,66881,254616,322853,415224,288337,211644,217424,275311,140656,27983,15840,4459,4845,1089,2368,2904,4137,1073,1513,3908,2157,3425,5254,5966,7347,4196,1569,643,497,361,284,309,263,257,236,141,43,10,78,133,98,152,402,2730,12080,22072,2263,1678,2090,3665,3546,2003,773,1393,6679,10134,2917,4173,4691,3921,133,42","4,1248,6775,3826,8412,10162,25722,79492,294368,245684,277888,231349,215652,160796,185892,282252,335966,223993,136870,66881,254616,322853,415224,288337,211644,217424,275311,140656,27983,15840,4459,4845,1089,2368,2904,4137,1073,1513,3908,2157,3425,5254,5966,7347,4196,1569,643,497,361,284,309,263,257,236,141,43,10,78,133,98,152,402,2730,12080,22072,2263,1678,2090,3665,3546,2003,773,1393,6679,10134,2917,4173,4691,3921,133,42","2,1248,6772,3705,8406,10158,25716,79483,294282,245673,277837,231338,215651,160794,185890,282251,335963,223991,136866,66875,254605,322841,415210,288319,211627,217406,275308,140655,27982,15839,4458,4845,1089,2368,2904,4137,1073,1513,3908,2157,3425,5254,5966,7347,4196,1569,643,497,361,284,309,263,257,236,141,43,10,78,133,97,152,402,2730,12080,22072,2263,1678,2090,3665,3546,2003,773,1393,6679,10134,2917,4173,4691,3921,133,42",0,0,0,0,0,0,19,6851,既有原生生物分类保留；植物 series 属于分类阶元；生物变体、冲突阶元和产品式系列分开，未为已深体系补假层。
aquifers,含水层,taxonomy,16,9,16,9,1,2,"1,15","1,7,1","1,7,1",0,0,1,0,0,0,8,0,通用环境/地貌类型与命名地物实例分别保留；位置、组成、成因不自动当子类；未记录物理特征的命名实例不强挂更窄类型。
archaea,古菌,taxonomy,9883,9883,9883,9883,7,7,"1,1017,1213,383,742,2371,4154,2","1,1017,1213,383,742,2371,4154,2","1,1017,1213,383,742,2371,4154,2",0,0,0,0,0,0,0,0,既有原生生物分类保留；植物 series 属于分类阶元；生物变体、冲突阶元和产品式系列分开，未为已深体系补假层。
artificial_habitats,人工生境,taxonomy,70,70,70,70,4,4,"1,6,34,27,2","1,6,34,27,2","1,6,34,27,2",0,0,0,0,0,0,0,0,保留 EUNIS 版本及生态类型定义；生境复合体按整体描述分类，组分不是整个复合体的父类。
bacteria,细菌,taxonomy,441205,441205,441205,441205,8,8,"2,44093,7607,14221,10430,22631,337125,5066,30","2,44093,7607,14221,10430,22631,337125,5066,30","2,44093,7607,14221,10430,22631,337125,5066,30",0,0,0,0,0,0,0,2,既有原生生物分类保留；植物 series 属于分类阶元；生物变体、冲突阶元和产品式系列分开，未为已深体系补假层。
beaches,海滩,taxonomy,17,23,17,23,2,2,"2,12,3","2,17,4","2,17,4",0,0,6,0,0,0,16173,1,通用环境/地貌类型与命名地物实例分别保留；位置、组成、成因不自动当子类；未记录物理特征的命名实例不强挂更窄类型。
birds,鸟类,taxonomy,33407,33407,33351,33351,9,9,"3,1365,720,1538,4480,12539,8596,3561,578,27","3,1365,720,1538,4480,12539,8596,3561,578,27","2,1363,714,1529,4470,12528,8587,3553,578,27",0,0,0,0,0,0,0,643,既有原生生物分类保留；植物 series 属于分类阶元；生物变体、冲突阶元和产品式系列分开，未为已深体系补假层。
bridges,桥梁,taxonomy,63,63,63,63,3,3,"2,43,17,1","2,43,17,1","2,43,17,1",0,0,0,0,1,0,26,3,沿用有证据的原生/专业类别；结构、功能、材料、平台等不同轴可并存；只有全范围证据才细分家族，无证据的末端保留较宽接入。
buildings,建筑,taxonomy,609,633,606,630,5,5,"2,149,220,215,14,9","2,147,229,229,16,10","1,147,227,229,16,10",0,0,0,2,6,0,45,8,沿用有证据的原生/专业类别；结构、功能、材料、平台等不同轴可并存；只有全范围证据才细分家族，无证据的末端保留较宽接入。
camera_bodies,相机机身,taxonomy,71,74,71,74,4,4,"2,27,28,7,7","2,27,30,9,6","2,27,30,9,6",0,0,2,17,200,0,0,0,整相机与镜头分开；兼容 camera_bodies 范围沿用整摄影相机入口，不表示所有记录都是裸机身。
camera_lenses,相机镜头,taxonomy,26,27,26,27,2,2,"2,9,15","2,11,14","2,11,14",0,0,2,9,553,0,0,1,整相机与镜头分开；兼容 camera_bodies 范围沿用整摄影相机入口，不表示所有记录都是裸机身。
cameras,相机,taxonomy,61,57,61,57,3,3,"1,34,19,7","1,29,21,6","1,29,21,6",0,0,4,49,1339,0,0,2,整相机与镜头分开；兼容 camera_bodies 范围沿用整摄影相机入口，不表示所有记录都是裸机身。
cars,汽车,taxonomy,3256,2968,2120,1921,4,4,"4,1138,1579,263,272","4,976,1478,238,272","1,680,814,158,268",1212,0,9,86,7197,55007,1,28,动力类型仅作用于有原生字段的配置；EPA car-line 分组单独导航，不外推到整车型或每辆车的物理车身。
ceramic_capacitors,陶瓷电容,taxonomy,2,3,2,3,1,2,"1,1","1,1,1","1,1,1",0,0,1,45,0,3873,0,0,"Murata 12 系列与 3,873 料号配置进入芯片单片多层结构；介质、温度、规格不串成层级；来源覆盖不等于全品牌。"
clothing,服装,taxonomy,1598,1576,1595,1573,6,6,"3,52,362,860,245,71,5","3,53,358,828,257,72,5","1,52,358,828,257,72,5",0,0,3,10,32,0,0,37,沿用有证据的原生/专业类别；结构、功能、材料、平台等不同轴可并存；只有全范围证据才细分家族，无证据的末端保留较宽接入。
clouds,云,taxonomy,50,74,50,74,2,3,"2,44,4","2,45,18,9","2,45,18,9",0,0,24,0,0,0,0,1,沿用有证据的原生/专业类别；结构、功能、材料、平台等不同轴可并存；只有全范围证据才细分家族，无证据的末端保留较宽接入。
coastal_habitats,海岸生境,taxonomy,366,366,366,366,5,5,"2,6,44,148,148,18","2,6,44,148,148,18","2,6,44,148,148,18",0,0,0,0,0,0,0,0,保留 EUNIS 版本及生态类型定义；生境复合体按整体描述分类，组分不是整个复合体的父类。
computer_hardware,计算机硬件,taxonomy,18,38,18,38,1,3,"5,13","5,24,6,3","5,24,6,3",0,0,20,49,1543,13,0,2,沿用有证据的原生/专业类别；结构、功能、材料、平台等不同轴可并存；只有全范围证据才细分家族，无证据的末端保留较宽接入。
computer_monitors,显示器,taxonomy,3,9,3,9,1,3,"2,1","2,2,2,3","2,2,2,3",0,0,6,2,13,0,0,1,沿用有证据的原生/专业类别；结构、功能、材料、平台等不同轴可并存；只有全范围证据才细分家族，无证据的末端保留较宽接入。
computers,计算机,taxonomy,271,200,271,200,7,6,"2,149,69,32,7,9,2,1","2,97,56,28,9,7,1","2,97,56,28,9,7,1",2,0,13,100,525,91,5,20,沿用有证据的原生/专业类别；结构、功能、材料、平台等不同轴可并存；只有全范围证据才细分家族，无证据的末端保留较宽接入。
deserts,沙漠,taxonomy,14,15,14,15,1,2,"2,12","2,11,2","2,11,2",0,0,1,0,0,0,1036,1,通用环境/地貌类型与命名地物实例分别保留；位置、组成、成因不自动当子类；未记录物理特征的命名实例不强挂更窄类型。
desktop_computers,台式计算机,taxonomy,1,2,1,2,0,1,1,"1,1","1,1",0,0,1,2,32,0,0,0,本次覆盖支持台式机→一体式台式机这一层专业细分；未用尺寸、品牌或年份制造额外层次。型号/配置另列。
digital_cameras,数码相机,taxonomy,16,17,16,17,2,2,"2,3,11","2,5,10","2,5,10",0,0,2,13,195,0,0,1,整相机与镜头分开；兼容 camera_bodies 范围沿用整摄影相机入口，不表示所有记录都是裸机身。
dishes,菜肴,taxonomy,926,926,925,925,5,5,"2,314,496,92,21,1","2,314,496,92,21,1","1,314,496,92,21,1",0,0,0,0,0,0,0,49,沿用有证据的原生/专业类别；结构、功能、材料、平台等不同轴可并存；只有全范围证据才细分家族，无证据的末端保留较宽接入。
earbuds,入耳式耳机,taxonomy,1,3,1,3,0,2,1,"1,1,1","1,1,1",0,0,2,2,4,3,0,0,用准确产品/配置字段连接已有通用类型；不从某一 SKU 推断整系列，不将品牌家族作为类别根。
electronic_components,电子元件,taxonomy,134,129,128,123,4,5,"1,18,47,43,25","1,18,40,45,23,2","1,17,38,42,23,2",0,0,6,48,2898,3873,0,1,沿用有证据的原生/专业类别；结构、功能、材料、平台等不同轴可并存；只有全范围证据才细分家族，无证据的末端保留较宽接入。
electronic_devices,电子设备,taxonomy,242,236,242,236,6,7,"2,65,124,35,11,4,1","2,66,70,74,13,5,3,3","2,66,70,74,13,5,3,3",0,0,25,8,147,91,0,13,沿用有证据的原生/专业类别；结构、功能、材料、平台等不同轴可并存；只有全范围证据才细分家族，无证据的末端保留较宽接入。
electronic_equipment,电子装备,taxonomy,494,471,492,469,5,6,"1,25,57,47,132,232","1,26,68,46,84,242,4","1,26,68,44,84,242,4",1,0,15,61,766,20,0,7,沿用有证据的原生/专业类别；结构、功能、材料、平台等不同轴可并存；只有全范围证据才细分家族，无证据的末端保留较宽接入。
fitness_trackers,运动追踪器,taxonomy,1,4,1,4,0,2,1,"1,2,1","1,2,1",0,0,2,0,8,5,0,0,用准确产品/配置字段连接已有通用类型；不从某一 SKU 推断整系列，不将品牌家族作为类别根。
food_products,食品,taxonomy,12338,12338,12337,12337,12,12,"1,22,310,932,1908,2896,2680,2116,879,318,166,102,8","1,22,310,932,1908,2896,2680,2116,879,318,166,102,8","1,22,310,931,1908,2896,2680,2116,879,318,166,102,8",0,0,0,0,0,0,0,791,沿用有证据的原生/专业类别；结构、功能、材料、平台等不同轴可并存；只有全范围证据才细分家族，无证据的末端保留较宽接入。
forest_habitats,森林生境,taxonomy,2852,2852,2852,2852,7,7,"2,9,114,468,1051,812,365,31","2,9,114,468,1051,812,365,31","2,9,114,468,1051,812,365,31",0,0,0,0,0,0,0,0,保留 EUNIS 版本及生态类型定义；生境复合体按整体描述分类，组分不是整个复合体的父类。
forests,森林,taxonomy,2871,2871,2871,2871,7,7,"4,25,115,468,1051,812,365,31","4,25,115,468,1051,812,365,31","4,25,115,468,1051,812,365,31",0,0,0,0,0,0,91949,0,沿用有证据的原生/专业类别；结构、功能、材料、平台等不同轴可并存；只有全范围证据才细分家族，无证据的末端保留较宽接入。
freshwater_habitats,淡水生境,taxonomy,236,306,236,306,6,6,"1,3,21,98,63,45,5","1,3,59,117,76,45,5","1,3,59,117,76,45,5",0,0,70,0,0,0,0,0,保留 EUNIS 版本及生态类型定义；生境复合体按整体描述分类，组分不是整个复合体的父类。
fungi,真菌,taxonomy,396270,396270,396269,396269,15,15,"3,12557,2168,464,1094,6228,5242,4098,6772,6981,105882,15015,82515,128068,19166,17","3,12557,2168,464,1094,6228,5242,4098,6772,6981,105882,15015,82515,128068,19166,17","2,12557,2168,464,1094,6228,5242,4098,6772,6981,105882,15015,82515,128068,19166,17",0,0,0,0,0,0,0,1,既有原生生物分类保留；植物 series 属于分类阶元；生物变体、冲突阶元和产品式系列分开，未为已深体系补假层。
furniture,家具,taxonomy,1338,1340,1335,1337,7,7,"3,125,266,406,386,131,20,1","3,126,268,406,385,131,20,1","1,126,268,405,385,131,20,1",0,0,6,2,20,38,3,99,沿用有证据的原生/专业类别；结构、功能、材料、平台等不同轴可并存；只有全范围证据才细分家族，无证据的末端保留较宽接入。
game_consoles,游戏机,taxonomy,70,39,70,39,2,3,"1,67,2","1,6,31,1","1,6,31,1",0,0,2,3,74,0,0,0,沿用有证据的原生/专业类别；结构、功能、材料、平台等不同轴可并存；只有全范围证据才细分家族，无证据的末端保留较宽接入。
glaciers,冰川,taxonomy,17,29,17,29,2,2,"2,13,2","2,23,4","2,23,4",0,0,12,0,0,0,8293,1,通用环境/地貌类型与命名地物实例分别保留；位置、组成、成因不自动当子类；未记录物理特征的命名实例不强挂更窄类型。
gpus,GPU,taxonomy,3,5,3,5,1,2,"1,2","1,3,1","1,3,1",0,0,3,0,426,0,0,0,处理器芯片与完整显卡分开；集成/独立、GPGPU 能力分别建轴，不推断所有游戏显卡均有相同能力。
graphics_cards,显卡,taxonomy,2,3,2,3,1,2,"1,1","1,1,1","1,1,1",0,0,2,7,40,0,0,0,处理器芯片与完整显卡分开；集成/独立、GPGPU 能力分别建轴，不推断所有游戏显卡均有相同能力。
grasslands,草地,taxonomy,1553,1553,1553,1553,7,7,"2,14,100,330,511,478,96,22","2,14,100,330,511,478,96,22","2,14,100,330,511,478,96,22",0,0,0,0,0,0,0,0,沿用有证据的原生/专业类别；结构、功能、材料、平台等不同轴可并存；只有全范围证据才细分家族，无证据的末端保留较宽接入。
habitat_complexes,生境复合体,taxonomy,31,33,31,33,1,2,"1,30","1,24,8","1,24,8",0,0,2,0,0,0,0,0,保留 EUNIS 版本及生态类型定义；生境复合体按整体描述分类，组分不是整个复合体的父类。
habitats,生境,taxonomy,9148,9220,9148,9220,8,8,"1,18,125,565,2152,3507,2089,638,53","1,18,119,611,2171,3520,2089,638,53","1,18,119,611,2171,3520,2089,638,53",0,0,72,0,0,0,0,0,保留 EUNIS 版本及生态类型定义；生境复合体按整体描述分类，组分不是整个复合体的父类。
hand_tools,手工具,taxonomy,213,225,212,224,5,5,"3,60,113,31,5,1","3,62,119,34,6,1","2,62,119,34,6,1",2,0,8,0,0,34,0,8,沿用有证据的原生/专业类别；结构、功能、材料、平台等不同轴可并存；只有全范围证据才细分家族，无证据的末端保留较宽接入。
headphones,耳机,taxonomy,7,9,7,9,3,3,"2,3,1,1","2,4,2,1","2,4,2,1",0,0,3,3,16,3,0,1,用准确产品/配置字段连接已有通用类型；不从某一 SKU 推断整系列，不将品牌家族作为类别根。
home_appliances,家用电器,taxonomy,103,114,94,105,5,5,"2,24,45,28,2,2","2,25,50,31,3,3","1,20,47,31,3,3",0,0,11,0,2,0,0,14,沿用有证据的原生/专业类别；结构、功能、材料、平台等不同轴可并存；只有全范围证据才细分家族，无证据的末端保留较宽接入。
integrated_circuits,集成电路,taxonomy,31,24,31,24,2,2,"2,27,2","2,21,1","2,21,1",0,0,1,3,11,0,0,0,沿用有证据的原生/专业类别；结构、功能、材料、平台等不同轴可并存；只有全范围证据才细分家族，无证据的末端保留较宽接入。
islands,岛屿,taxonomy,15,30,15,30,1,2,"2,13","2,24,4","2,24,4",0,0,15,0,0,0,185121,1,通用环境/地貌类型与命名地物实例分别保留；位置、组成、成因不自动当子类；未记录物理特征的命名实例不强挂更窄类型。
lakes,湖泊,taxonomy,395,461,395,461,5,5,"3,300,55,20,14,3","3,334,74,33,14,3","3,334,74,33,14,3",0,0,66,0,0,0,414246,1,通用环境/地貌类型与命名地物实例分别保留；位置、组成、成因不自动当子类；未记录物理特征的命名实例不强挂更窄类型。
laptops,笔记本电脑,taxonomy,12,12,12,12,2,2,"2,9,1","2,8,2","2,8,2",0,0,1,17,94,0,0,1,沿用有证据的原生/专业类别；结构、功能、材料、平台等不同轴可并存；只有全范围证据才细分家族，无证据的末端保留较宽接入。
locomotives,机车,taxonomy,363,316,363,316,3,3,"2,354,6,1","2,121,156,37","2,121,156,37",0,0,0,32,163,0,0,19,沿用有证据的原生/专业类别；结构、功能、材料、平台等不同轴可并存；只有全范围证据才细分家族，无证据的末端保留较宽接入。
loudspeakers,扬声器,taxonomy,10,11,10,11,2,2,"1,8,1","1,7,3","1,7,3",0,0,1,0,1,0,0,0,沿用有证据的原生/专业类别；结构、功能、材料、平台等不同轴可并存；只有全范围证据才细分家族，无证据的末端保留较宽接入。
marine_habitats,海洋生境,taxonomy,1099,1099,1099,1099,6,6,"1,8,56,210,606,214,4","1,8,56,210,606,214,4","1,8,56,210,606,214,4",0,0,0,0,0,0,0,0,保留 EUNIS 版本及生态类型定义；生境复合体按整体描述分类，组分不是整个复合体的父类。
medical_devices,医疗设备,taxonomy,7175,7473,7169,7467,3,9,"1,7144,24,6","1,7188,97,100,51,23,7,4,1,1","1,7186,93,100,51,23,7,4,1,1",1,0,292,0,707,260296,0,948,物理/工作原理类型与 FDA 监管分类分别连接；监管类、包装/尺寸配置不替代真实型号或物理实例。
microprocessors,微处理器,taxonomy,30,32,30,32,1,2,"2,28","2,29,1","2,29,1",0,0,2,12,1091,0,0,0,沿用有证据的原生/专业类别；结构、功能、材料、平台等不同轴可并存；只有全范围证据才细分家族，无证据的末端保留较宽接入。
minerals,矿物,taxonomy,7476,7476,7476,7476,4,4,"2,1120,333,5684,337","2,1120,333,5684,337","2,1120,333,5684,337",0,0,0,0,0,0,0,0,沿用有证据的原生/专业类别；结构、功能、材料、平台等不同轴可并存；只有全范围证据才细分家族，无证据的末端保留较宽接入。
mountain_ranges,山脉,taxonomy,2,4,2,4,0,2,2,"2,1,1","2,1,1",0,0,2,0,0,0,29654,0,通用环境/地貌类型与命名地物实例分别保留；位置、组成、成因不自动当子类；未记录物理特征的命名实例不强挂更窄类型。
mountains,山体,taxonomy,19,33,19,33,2,2,"2,9,8","2,16,15","2,16,15",0,0,14,0,0,0,426206,1,通用环境/地貌类型与命名地物实例分别保留；位置、组成、成因不自动当子类；未记录物理特征的命名实例不强挂更窄类型。
musical_instruments,乐器,taxonomy,4133,4169,4050,4086,9,9,"3,232,285,2749,338,233,149,90,43,11","3,242,299,2762,335,234,149,91,43,11","1,242,296,2687,334,234,149,91,41,11",14,0,0,16,102,0,0,101,沿用有证据的原生/专业类别；结构、功能、材料、平台等不同轴可并存；只有全范围证据才细分家族，无证据的末端保留较宽接入。
network_routers,路由器,taxonomy,5,8,5,8,1,3,"2,3","2,3,2,1","2,3,2,1",0,0,3,1,24,0,0,0,沿用有证据的原生/专业类别；结构、功能、材料、平台等不同轴可并存；只有全范围证据才细分家族，无证据的末端保留较宽接入。
network_switches,网络交换机,taxonomy,3,6,3,6,1,2,"1,2","1,4,1","1,4,1",0,0,3,0,20,0,0,0,沿用有证据的原生/专业类别；结构、功能、材料、平台等不同轴可并存；只有全范围证据才细分家族，无证据的末端保留较宽接入。
pcbs,印刷电路板,taxonomy,18,19,18,19,3,4,"1,4,6,7","1,4,6,7,1","1,4,6,7,1",0,0,2,10,44,0,0,0,沿用有证据的原生/专业类别；结构、功能、材料、平台等不同轴可并存；只有全范围证据才细分家族，无证据的末端保留较宽接入。
plants,植物,taxonomy,1535985,1536285,1535549,1535849,22,22,"5,1338,2302,7619,11963,17330,176224,165485,335235,273772,258032,129303,45830,15742,18653,8989,8133,16990,13313,10943,8025,9526,1233","5,1337,2302,7619,11963,17330,176224,165490,335313,273908,258062,129314,45871,15742,18653,8989,8133,16990,13313,10943,8025,9526,1233","2,1336,2293,7596,11934,17059,176187,165489,335304,273899,258042,129297,45867,15741,18653,8988,8133,16989,13313,10943,8025,9526,1233",281,0,0,0,1,0,2,3617,既有原生生物分类保留；植物 series 属于分类阶元；生物变体、冲突阶元和产品式系列分开，未为已深体系补假层。
power_tools,动力工具,taxonomy,55,56,53,54,3,3,"3,17,21,14","3,17,21,15","2,16,21,15",0,0,0,0,0,0,0,0,沿用有证据的原生/专业类别；结构、功能、材料、平台等不同轴可并存；只有全范围证据才细分家族，无证据的末端保留较宽接入。
printers,打印机,taxonomy,7,15,7,15,1,3,"1,6","1,8,5,1","1,8,5,1",0,0,2,2,35,0,0,2,沿用有证据的原生/专业类别；结构、功能、材料、平台等不同轴可并存；只有全范围证据才细分家族，无证据的末端保留较宽接入。
rivers,河流,taxonomy,69,73,69,73,3,3,"4,27,31,7","4,31,31,7","4,31,31,7",0,0,4,0,0,0,1004645,2,通用环境/地貌类型与命名地物实例分别保留；位置、组成、成因不自动当子类；未记录物理特征的命名实例不强挂更窄类型。
rocks,岩石,taxonomy,201,201,201,201,4,4,"2,112,51,14,22","2,112,51,14,22","2,112,51,14,22",0,0,0,0,0,0,0,2,沿用有证据的原生/专业类别；结构、功能、材料、平台等不同轴可并存；只有全范围证据才细分家族，无证据的末端保留较宽接入。
scrub_and_tundra,灌丛与苔原,taxonomy,1607,1607,1607,1607,6,6,"2,20,85,431,686,297,86","2,20,85,431,686,297,86","2,20,85,431,686,297,86",0,0,0,0,0,0,0,0,沿用有证据的原生/专业类别；结构、功能、材料、平台等不同轴可并存；只有全范围证据才细分家族，无证据的末端保留较宽接入。
semiconductor_devices,半导体器件,taxonomy,49,49,49,49,3,4,"1,11,15,22","1,10,17,20,1","1,10,17,20,1",0,0,4,0,2887,0,0,0,沿用有证据的原生/专业类别；结构、功能、材料、平台等不同轴可并存；只有全范围证据才细分家族，无证据的末端保留较宽接入。
semiconductor_diodes,半导体二极管,taxonomy,20,26,20,26,2,3,"2,16,2","2,17,6,1","2,17,6,1",0,0,4,0,2880,0,0,0,沿用有证据的原生/专业类别；结构、功能、材料、平台等不同轴可并存；只有全范围证据才细分家族，无证据的末端保留较宽接入。
ships,船舶,taxonomy,369,453,369,453,4,4,"2,233,79,40,15","2,195,129,93,34","2,195,129,93,34",0,0,0,42,877,0,2666,8,沿用有证据的原生/专业类别；结构、功能、材料、平台等不同轴可并存；只有全范围证据才细分家族，无证据的末端保留较宽接入。
single_board_computers,单板计算机,taxonomy,4,5,4,5,2,2,"1,2,1","1,3,1","1,3,1",0,0,1,1,7,0,0,0,沿用有证据的原生/专业类别；结构、功能、材料、平台等不同轴可并存；只有全范围证据才细分家族，无证据的末端保留较宽接入。
smartphones,智能手机,taxonomy,229,230,229,230,1,2,"1,228","1,228,1","1,228,1",1,0,0,51,539,0,0,0,沿用有证据的原生/专业类别；结构、功能、材料、平台等不同轴可并存；只有全范围证据才细分家族，无证据的末端保留较宽接入。
smartwatches,智能手表,taxonomy,3,5,3,5,1,3,"1,2","1,2,1,1","1,2,1,1",0,0,3,2,62,91,0,0,用准确产品/配置字段连接已有通用类型；不从某一 SKU 推断整系列，不将品牌家族作为类别根。
solid_state_drives,固态硬盘,taxonomy,1,7,1,7,0,2,1,"1,4,2","1,4,2",0,0,6,34,13,13,0,0,沿用有证据的原生/专业类别；结构、功能、材料、平台等不同轴可并存；只有全范围证据才细分家族，无证据的末端保留较宽接入。
source_electronic_devices,来源原生电子设备,taxonomy,140,119,140,119,3,4,"1,44,90,5","1,44,32,41,1","1,44,32,41,1",0,0,7,6,110,5,0,0,沿用有证据的原生/专业类别；结构、功能、材料、平台等不同轴可并存；只有全范围证据才细分家族，无证据的末端保留较宽接入。
source_integrated_circuits,来源原生集成电路,taxonomy,30,23,30,23,2,2,"1,27,2","1,21,1","1,21,1",0,0,1,3,11,0,0,0,沿用有证据的原生/专业类别；结构、功能、材料、平台等不同轴可并存；只有全范围证据才细分家族，无证据的末端保留较宽接入。
source_semiconductor_diodes,来源原生半导体二极管,taxonomy,10,16,10,16,2,3,"1,8,1","1,10,4,1","1,10,4,1",0,0,4,0,2880,0,0,0,沿用有证据的原生/专业类别；结构、功能、材料、平台等不同轴可并存；只有全范围证据才细分家族，无证据的末端保留较宽接入。
sparse_vegetation_habitats,稀疏植被生境,taxonomy,564,564,564,564,6,6,"2,13,66,226,162,67,28","2,13,66,226,162,67,28","2,13,66,226,162,67,28",0,0,0,0,0,0,0,0,保留 EUNIS 版本及生态类型定义；生境复合体按整体描述分类，组分不是整个复合体的父类。
sports_equipment,运动器材,taxonomy,109,113,109,113,5,5,"1,21,53,19,13,2","1,22,54,21,13,2","1,22,54,21,13,2",0,0,2,0,14,2,0,5,沿用有证据的原生/专业类别；结构、功能、材料、平台等不同轴可并存；只有全范围证据才细分家族，无证据的末端保留较宽接入。
surgical_instruments,外科器械,taxonomy,66,77,65,76,2,2,"2,25,39","2,28,47","2,27,47",0,0,10,0,0,6020,0,39,物理/工作原理类型与 FDA 监管分类分别连接；监管类、包装/尺寸配置不替代真实型号或物理实例。
tablets,平板电脑,taxonomy,27,13,27,13,1,2,"1,26","1,7,5","1,7,5",0,0,3,17,114,0,0,0,沿用有证据的原生/专业类别；结构、功能、材料、平台等不同轴可并存；只有全范围证据才细分家族，无证据的末端保留较宽接入。
television_sets,电视机,taxonomy,9,13,9,13,1,2,"2,7","2,5,6","2,5,6",0,0,4,0,24,0,0,0,沿用有证据的原生/专业类别；结构、功能、材料、平台等不同轴可并存；只有全范围证据才细分家族，无证据的末端保留较宽接入。
tools,工具,taxonomy,906,925,902,921,7,7,"2,75,253,324,132,79,37,4","2,70,258,337,136,82,36,4","2,68,257,337,136,82,35,4",2,0,16,0,7,197,0,24,沿用有证据的原生/专业类别；结构、功能、材料、平台等不同轴可并存；只有全范围证据才细分家族，无证据的末端保留较宽接入。
tractors,拖拉机,taxonomy,35,36,35,36,2,2,"2,31,2","2,31,3","2,31,3",0,0,4,4,24,0,0,0,沿用有证据的原生/专业类别；结构、功能、材料、平台等不同轴可并存；只有全范围证据才细分家族，无证据的末端保留较宽接入。
valleys,山谷,taxonomy,29,48,29,48,3,3,"2,18,7,2","2,29,13,4","2,29,13,4",0,0,19,0,0,0,149526,1,通用环境/地貌类型与命名地物实例分别保留；位置、组成、成因不自动当子类；未记录物理特征的命名实例不强挂更窄类型。
volcanoes,火山,taxonomy,12,23,12,23,1,2,"2,10","2,20,1","2,20,1",0,0,11,0,0,0,820,0,通用环境/地貌类型与命名地物实例分别保留；位置、组成、成因不自动当子类；未记录物理特征的命名实例不强挂更窄类型。
waterfalls,瀑布,taxonomy,14,14,14,14,1,1,"2,12","2,12","2,12",0,0,0,0,0,0,8053,1,现有瀑布专业类型为根下直接子类；未找到充分证据把这些并列形态强行串成更深链。命名瀑布另作实例。
wearable_computers,可穿戴计算机,taxonomy,4,7,4,7,2,5,"1,1,2","1,1,2,1,1,1","1,1,2,1,1,1",0,0,4,2,62,91,0,2,用准确产品/配置字段连接已有通用类型；不从某一 SKU 推断整系列，不将品牌家族作为类别根。
wetlands,湿地,taxonomy,758,758,758,758,6,6,"3,24,42,199,278,158,54","3,24,42,199,278,158,54","3,24,42,199,278,158,54",0,0,0,0,0,0,78714,0,沿用有证据的原生/专业类别；结构、功能、材料、平台等不同轴可并存；只有全范围证据才细分家族，无证据的末端保留较宽接入。
agricultural_habitats,农业生境,membership,1,1,1,1,0,0,1,1,1,0,0,0,0,0,0,0,0,保留 EUNIS 版本及生态类型定义；生境复合体按整体描述分类，组分不是整个复合体的父类。
aircraft,航空器,membership,89,66,83,62,1,1,"4,85","4,62","1,61",4,21,0,848,3013,0,0,0,"FAA 94,043 型号全部按原生字段接入；13 个 other 结构码只判定已知动力，不猜具体结构；用途与整家族变体不外推。"
animals,动物,membership,4,4,2,2,0,0,4,4,2,0,0,0,0,0,0,0,0,既有原生生物分类保留；植物 series 属于分类阶元；生物变体、冲突阶元和产品式系列分开，未为已深体系补假层。
aquifers,含水层,membership,1,1,1,1,0,0,1,1,1,0,0,0,0,0,0,7,0,通用环境/地貌类型与命名地物实例分别保留；位置、组成、成因不自动当子类；未记录物理特征的命名实例不强挂更窄类型。
archaea,古菌,membership,1,1,1,1,0,0,1,1,1,0,0,0,0,0,0,0,0,既有原生生物分类保留；植物 series 属于分类阶元；生物变体、冲突阶元和产品式系列分开，未为已深体系补假层。
artificial_habitats,人工生境,membership,1,1,1,1,0,0,1,1,1,0,0,0,0,0,0,0,0,保留 EUNIS 版本及生态类型定义；生境复合体按整体描述分类，组分不是整个复合体的父类。
bacteria,细菌,membership,2,2,2,2,0,0,2,2,2,0,0,0,0,0,0,0,0,既有原生生物分类保留；植物 series 属于分类阶元；生物变体、冲突阶元和产品式系列分开，未为已深体系补假层。
beaches,海滩,membership,2,2,2,2,0,0,2,2,2,0,0,0,0,0,0,0,0,通用环境/地貌类型与命名地物实例分别保留；位置、组成、成因不自动当子类；未记录物理特征的命名实例不强挂更窄类型。
birds,鸟类,membership,3,3,2,2,0,0,3,3,2,0,0,0,0,0,0,0,0,既有原生生物分类保留；植物 series 属于分类阶元；生物变体、冲突阶元和产品式系列分开，未为已深体系补假层。
bridges,桥梁,membership,2,2,2,2,0,0,2,2,2,0,0,0,0,0,0,0,0,沿用有证据的原生/专业类别；结构、功能、材料、平台等不同轴可并存；只有全范围证据才细分家族，无证据的末端保留较宽接入。
buildings,建筑,membership,2,2,1,1,0,0,2,2,1,0,0,0,1,1,0,7,0,沿用有证据的原生/专业类别；结构、功能、材料、平台等不同轴可并存；只有全范围证据才细分家族，无证据的末端保留较宽接入。
camera_bodies,相机机身,membership,2,2,2,2,0,0,2,2,2,0,0,0,0,0,0,0,0,整相机与镜头分开；兼容 camera_bodies 范围沿用整摄影相机入口，不表示所有记录都是裸机身。
camera_lenses,相机镜头,membership,2,2,2,2,0,0,2,2,2,0,0,0,0,0,0,0,0,整相机与镜头分开；兼容 camera_bodies 范围沿用整摄影相机入口，不表示所有记录都是裸机身。
cameras,相机,membership,1,1,1,1,0,0,1,1,1,0,0,0,0,0,0,0,0,整相机与镜头分开；兼容 camera_bodies 范围沿用整摄影相机入口，不表示所有记录都是裸机身。
cars,汽车,membership,54,53,47,46,1,1,"4,50","4,49","1,45",86,4,0,30,2427,4584,0,0,动力类型仅作用于有原生字段的配置；EPA car-line 分组单独导航，不外推到整车型或每辆车的物理车身。
ceramic_capacitors,陶瓷电容,membership,1,1,1,1,0,0,1,1,1,0,0,0,0,0,0,0,0,"Murata 12 系列与 3,873 料号配置进入芯片单片多层结构；介质、温度、规格不串成层级；来源覆盖不等于全品牌。"
clothing,服装,membership,3,3,1,1,0,0,3,3,1,0,0,0,0,0,0,0,0,沿用有证据的原生/专业类别；结构、功能、材料、平台等不同轴可并存；只有全范围证据才细分家族，无证据的末端保留较宽接入。
clouds,云,membership,2,2,2,2,0,0,2,2,2,0,0,0,0,0,0,0,0,沿用有证据的原生/专业类别；结构、功能、材料、平台等不同轴可并存；只有全范围证据才细分家族，无证据的末端保留较宽接入。
coastal_habitats,海岸生境,membership,2,2,2,2,0,0,2,2,2,0,0,0,0,0,0,0,0,保留 EUNIS 版本及生态类型定义；生境复合体按整体描述分类，组分不是整个复合体的父类。
computer_hardware,计算机硬件,membership,5,5,5,5,0,0,5,5,5,0,0,0,0,5,0,0,0,沿用有证据的原生/专业类别；结构、功能、材料、平台等不同轴可并存；只有全范围证据才细分家族，无证据的末端保留较宽接入。
computer_monitors,显示器,membership,2,2,2,2,0,0,2,2,2,0,0,0,0,0,0,0,0,沿用有证据的原生/专业类别；结构、功能、材料、平台等不同轴可并存；只有全范围证据才细分家族，无证据的末端保留较宽接入。
computers,计算机,membership,2,2,2,2,0,0,2,2,2,0,0,0,32,121,0,5,0,沿用有证据的原生/专业类别；结构、功能、材料、平台等不同轴可并存；只有全范围证据才细分家族，无证据的末端保留较宽接入。
deserts,沙漠,membership,2,2,2,2,0,0,2,2,2,0,0,0,0,0,0,34,0,通用环境/地貌类型与命名地物实例分别保留；位置、组成、成因不自动当子类；未记录物理特征的命名实例不强挂更窄类型。
desktop_computers,台式计算机,membership,1,1,1,1,0,0,1,1,1,0,0,0,0,1,0,0,0,本次覆盖支持台式机→一体式台式机这一层专业细分；未用尺寸、品牌或年份制造额外层次。型号/配置另列。
digital_cameras,数码相机,membership,2,2,2,2,0,0,2,2,2,0,0,0,0,1,0,0,0,整相机与镜头分开；兼容 camera_bodies 范围沿用整摄影相机入口，不表示所有记录都是裸机身。
dishes,菜肴,membership,2,2,1,1,0,0,2,2,1,0,0,0,0,0,0,0,0,沿用有证据的原生/专业类别；结构、功能、材料、平台等不同轴可并存；只有全范围证据才细分家族，无证据的末端保留较宽接入。
earbuds,入耳式耳机,membership,1,1,1,1,0,0,1,1,1,0,0,0,0,0,0,0,0,用准确产品/配置字段连接已有通用类型；不从某一 SKU 推断整系列，不将品牌家族作为类别根。
electronic_components,电子元件,membership,1,1,1,1,0,0,1,1,1,0,0,0,0,0,0,0,0,沿用有证据的原生/专业类别；结构、功能、材料、平台等不同轴可并存；只有全范围证据才细分家族，无证据的末端保留较宽接入。
electronic_devices,电子设备,membership,2,2,2,2,0,0,2,2,2,0,0,0,0,0,0,0,0,沿用有证据的原生/专业类别；结构、功能、材料、平台等不同轴可并存；只有全范围证据才细分家族，无证据的末端保留较宽接入。
electronic_equipment,电子装备,membership,1,1,1,1,0,0,1,1,1,0,0,0,0,0,0,0,0,沿用有证据的原生/专业类别；结构、功能、材料、平台等不同轴可并存；只有全范围证据才细分家族，无证据的末端保留较宽接入。
fitness_trackers,运动追踪器,membership,1,1,1,1,0,0,1,1,1,0,0,0,0,2,1,0,0,用准确产品/配置字段连接已有通用类型；不从某一 SKU 推断整系列，不将品牌家族作为类别根。
food_products,食品,membership,1,1,1,1,0,0,1,1,1,0,0,0,0,0,0,0,0,沿用有证据的原生/专业类别；结构、功能、材料、平台等不同轴可并存；只有全范围证据才细分家族，无证据的末端保留较宽接入。
forest_habitats,森林生境,membership,2,2,2,2,0,0,2,2,2,0,0,0,0,0,0,0,0,保留 EUNIS 版本及生态类型定义；生境复合体按整体描述分类，组分不是整个复合体的父类。
forests,森林,membership,4,4,4,4,0,0,4,4,4,0,0,0,0,0,0,3,0,沿用有证据的原生/专业类别；结构、功能、材料、平台等不同轴可并存；只有全范围证据才细分家族，无证据的末端保留较宽接入。
freshwater_habitats,淡水生境,membership,1,1,1,1,0,0,1,1,1,0,0,0,0,0,0,0,0,保留 EUNIS 版本及生态类型定义；生境复合体按整体描述分类，组分不是整个复合体的父类。
fungi,真菌,membership,3,3,2,2,0,0,3,3,2,0,0,0,0,0,0,0,0,既有原生生物分类保留；植物 series 属于分类阶元；生物变体、冲突阶元和产品式系列分开，未为已深体系补假层。
furniture,家具,membership,3,3,1,1,0,0,3,3,1,0,0,0,0,2,0,0,0,沿用有证据的原生/专业类别；结构、功能、材料、平台等不同轴可并存；只有全范围证据才细分家族，无证据的末端保留较宽接入。
game_consoles,游戏机,membership,1,1,1,1,0,0,1,1,1,0,0,0,0,29,0,0,0,沿用有证据的原生/专业类别；结构、功能、材料、平台等不同轴可并存；只有全范围证据才细分家族，无证据的末端保留较宽接入。
glaciers,冰川,membership,2,2,2,2,0,0,2,2,2,0,0,0,0,0,0,0,0,通用环境/地貌类型与命名地物实例分别保留；位置、组成、成因不自动当子类；未记录物理特征的命名实例不强挂更窄类型。
gpus,GPU,membership,1,1,1,1,0,0,1,1,1,0,0,0,0,5,0,0,0,处理器芯片与完整显卡分开；集成/独立、GPGPU 能力分别建轴，不推断所有游戏显卡均有相同能力。
graphics_cards,显卡,membership,1,1,1,1,0,0,1,1,1,0,0,0,2,2,0,0,0,处理器芯片与完整显卡分开；集成/独立、GPGPU 能力分别建轴，不推断所有游戏显卡均有相同能力。
grasslands,草地,membership,2,2,2,2,0,0,2,2,2,0,0,0,0,0,0,0,0,沿用有证据的原生/专业类别；结构、功能、材料、平台等不同轴可并存；只有全范围证据才细分家族，无证据的末端保留较宽接入。
habitat_complexes,生境复合体,membership,1,1,1,1,0,0,1,1,1,0,0,0,0,0,0,0,0,保留 EUNIS 版本及生态类型定义；生境复合体按整体描述分类，组分不是整个复合体的父类。
habitats,生境,membership,1,1,1,1,0,0,1,1,1,0,0,0,0,0,0,0,0,保留 EUNIS 版本及生态类型定义；生境复合体按整体描述分类，组分不是整个复合体的父类。
hand_tools,手工具,membership,3,3,2,2,0,0,3,3,2,0,0,0,0,0,0,0,0,沿用有证据的原生/专业类别；结构、功能、材料、平台等不同轴可并存；只有全范围证据才细分家族，无证据的末端保留较宽接入。
headphones,耳机,membership,2,2,2,2,0,0,2,2,2,0,0,0,0,0,0,0,0,用准确产品/配置字段连接已有通用类型；不从某一 SKU 推断整系列，不将品牌家族作为类别根。
home_appliances,家用电器,membership,2,2,1,1,0,0,2,2,1,0,0,0,0,0,0,0,0,沿用有证据的原生/专业类别；结构、功能、材料、平台等不同轴可并存；只有全范围证据才细分家族，无证据的末端保留较宽接入。
integrated_circuits,集成电路,membership,2,2,2,2,0,0,2,2,2,0,0,0,2,6,0,0,0,沿用有证据的原生/专业类别；结构、功能、材料、平台等不同轴可并存；只有全范围证据才细分家族，无证据的末端保留较宽接入。
islands,岛屿,membership,2,2,2,2,0,0,2,2,2,0,0,0,0,0,0,145,0,通用环境/地貌类型与命名地物实例分别保留；位置、组成、成因不自动当子类；未记录物理特征的命名实例不强挂更窄类型。
lakes,湖泊,membership,3,3,3,3,0,0,3,3,3,0,0,0,0,0,0,261,0,通用环境/地貌类型与命名地物实例分别保留；位置、组成、成因不自动当子类；未记录物理特征的命名实例不强挂更窄类型。
laptops,笔记本电脑,membership,2,2,2,2,0,0,2,2,2,0,0,0,0,0,0,0,0,沿用有证据的原生/专业类别；结构、功能、材料、平台等不同轴可并存；只有全范围证据才细分家族，无证据的末端保留较宽接入。
locomotives,机车,membership,2,2,2,2,0,0,2,2,2,0,0,0,0,0,0,0,0,沿用有证据的原生/专业类别；结构、功能、材料、平台等不同轴可并存；只有全范围证据才细分家族，无证据的末端保留较宽接入。
loudspeakers,扬声器,membership,1,1,1,1,0,0,1,1,1,0,0,0,0,0,0,0,0,沿用有证据的原生/专业类别；结构、功能、材料、平台等不同轴可并存；只有全范围证据才细分家族，无证据的末端保留较宽接入。
marine_habitats,海洋生境,membership,1,1,1,1,0,0,1,1,1,0,0,0,0,0,0,0,0,保留 EUNIS 版本及生态类型定义；生境复合体按整体描述分类，组分不是整个复合体的父类。
medical_devices,医疗设备,membership,1,1,1,1,0,0,1,1,1,0,0,0,0,68,1640,0,0,物理/工作原理类型与 FDA 监管分类分别连接；监管类、包装/尺寸配置不替代真实型号或物理实例。
microprocessors,微处理器,membership,2,2,2,2,0,0,2,2,2,0,0,0,0,0,0,0,0,沿用有证据的原生/专业类别；结构、功能、材料、平台等不同轴可并存；只有全范围证据才细分家族，无证据的末端保留较宽接入。
minerals,矿物,membership,2,2,2,2,0,0,2,2,2,0,0,0,0,0,0,0,0,沿用有证据的原生/专业类别；结构、功能、材料、平台等不同轴可并存；只有全范围证据才细分家族，无证据的末端保留较宽接入。
mountain_ranges,山脉,membership,2,2,2,2,0,0,2,2,2,0,0,0,0,0,0,29654,0,通用环境/地貌类型与命名地物实例分别保留；位置、组成、成因不自动当子类；未记录物理特征的命名实例不强挂更窄类型。
mountains,山体,membership,2,2,2,2,0,0,2,2,2,0,0,0,0,0,0,1,0,通用环境/地貌类型与命名地物实例分别保留；位置、组成、成因不自动当子类；未记录物理特征的命名实例不强挂更窄类型。
musical_instruments,乐器,membership,3,3,1,1,0,0,3,3,1,0,0,0,0,2,0,0,0,沿用有证据的原生/专业类别；结构、功能、材料、平台等不同轴可并存；只有全范围证据才细分家族，无证据的末端保留较宽接入。
network_routers,路由器,membership,2,2,2,2,0,0,2,2,2,0,0,0,0,0,0,0,0,沿用有证据的原生/专业类别；结构、功能、材料、平台等不同轴可并存；只有全范围证据才细分家族，无证据的末端保留较宽接入。
network_switches,网络交换机,membership,1,1,1,1,0,0,1,1,1,0,0,0,0,1,0,0,0,沿用有证据的原生/专业类别；结构、功能、材料、平台等不同轴可并存；只有全范围证据才细分家族，无证据的末端保留较宽接入。
pcbs,印刷电路板,membership,1,1,1,1,0,0,1,1,1,0,0,0,0,0,0,0,0,沿用有证据的原生/专业类别；结构、功能、材料、平台等不同轴可并存；只有全范围证据才细分家族，无证据的末端保留较宽接入。
plants,植物,membership,5,5,2,2,0,0,5,5,2,0,0,0,0,0,0,1,0,既有原生生物分类保留；植物 series 属于分类阶元；生物变体、冲突阶元和产品式系列分开，未为已深体系补假层。
power_tools,动力工具,membership,3,3,2,2,0,0,3,3,2,0,0,0,0,0,0,0,0,沿用有证据的原生/专业类别；结构、功能、材料、平台等不同轴可并存；只有全范围证据才细分家族，无证据的末端保留较宽接入。
printers,打印机,membership,1,1,1,1,0,0,1,1,1,0,0,0,0,0,0,0,0,沿用有证据的原生/专业类别；结构、功能、材料、平台等不同轴可并存；只有全范围证据才细分家族，无证据的末端保留较宽接入。
rivers,河流,membership,4,4,4,4,0,0,4,4,4,0,0,0,0,0,0,201,0,通用环境/地貌类型与命名地物实例分别保留；位置、组成、成因不自动当子类；未记录物理特征的命名实例不强挂更窄类型。
rocks,岩石,membership,2,2,2,2,0,0,2,2,2,0,0,0,0,0,0,0,0,沿用有证据的原生/专业类别；结构、功能、材料、平台等不同轴可并存；只有全范围证据才细分家族，无证据的末端保留较宽接入。
scrub_and_tundra,灌丛与苔原,membership,2,2,2,2,0,0,2,2,2,0,0,0,0,0,0,0,0,沿用有证据的原生/专业类别；结构、功能、材料、平台等不同轴可并存；只有全范围证据才细分家族，无证据的末端保留较宽接入。
semiconductor_devices,半导体器件,membership,1,1,1,1,0,0,1,1,1,0,0,0,0,0,0,0,0,沿用有证据的原生/专业类别；结构、功能、材料、平台等不同轴可并存；只有全范围证据才细分家族，无证据的末端保留较宽接入。
semiconductor_diodes,半导体二极管,membership,2,2,2,2,0,0,2,2,2,0,0,0,0,0,0,0,0,沿用有证据的原生/专业类别；结构、功能、材料、平台等不同轴可并存；只有全范围证据才细分家族，无证据的末端保留较宽接入。
ships,船舶,membership,2,2,2,2,0,0,2,2,2,0,0,0,0,0,0,1445,0,沿用有证据的原生/专业类别；结构、功能、材料、平台等不同轴可并存；只有全范围证据才细分家族，无证据的末端保留较宽接入。
single_board_computers,单板计算机,membership,1,1,1,1,0,0,1,1,1,0,0,0,1,5,0,0,0,沿用有证据的原生/专业类别；结构、功能、材料、平台等不同轴可并存；只有全范围证据才细分家族，无证据的末端保留较宽接入。
smartphones,智能手机,membership,1,1,1,1,0,0,1,1,1,0,0,0,0,0,0,0,0,沿用有证据的原生/专业类别；结构、功能、材料、平台等不同轴可并存；只有全范围证据才细分家族，无证据的末端保留较宽接入。
smartwatches,智能手表,membership,1,1,1,1,0,0,1,1,1,0,0,0,1,42,27,0,0,用准确产品/配置字段连接已有通用类型；不从某一 SKU 推断整系列，不将品牌家族作为类别根。
solid_state_drives,固态硬盘,membership,1,1,1,1,0,0,1,1,1,0,0,0,0,0,0,0,0,沿用有证据的原生/专业类别；结构、功能、材料、平台等不同轴可并存；只有全范围证据才细分家族，无证据的末端保留较宽接入。
source_electronic_devices,来源原生电子设备,membership,1,1,1,1,0,0,1,1,1,0,0,0,0,0,0,0,0,沿用有证据的原生/专业类别；结构、功能、材料、平台等不同轴可并存；只有全范围证据才细分家族，无证据的末端保留较宽接入。
source_integrated_circuits,来源原生集成电路,membership,1,1,1,1,0,0,1,1,1,0,0,0,0,0,0,0,0,沿用有证据的原生/专业类别；结构、功能、材料、平台等不同轴可并存；只有全范围证据才细分家族，无证据的末端保留较宽接入。
source_semiconductor_diodes,来源原生半导体二极管,membership,1,1,1,1,0,0,1,1,1,0,0,0,0,0,0,0,0,沿用有证据的原生/专业类别；结构、功能、材料、平台等不同轴可并存；只有全范围证据才细分家族，无证据的末端保留较宽接入。
sparse_vegetation_habitats,稀疏植被生境,membership,2,2,2,2,0,0,2,2,2,0,0,0,0,0,0,0,0,保留 EUNIS 版本及生态类型定义；生境复合体按整体描述分类，组分不是整个复合体的父类。
sports_equipment,运动器材,membership,1,1,1,1,0,0,1,1,1,0,0,0,0,0,0,0,0,沿用有证据的原生/专业类别；结构、功能、材料、平台等不同轴可并存；只有全范围证据才细分家族，无证据的末端保留较宽接入。
surgical_instruments,外科器械,membership,2,2,2,2,0,0,2,2,2,0,0,0,0,0,0,0,0,物理/工作原理类型与 FDA 监管分类分别连接；监管类、包装/尺寸配置不替代真实型号或物理实例。
tablets,平板电脑,membership,1,1,1,1,0,0,1,1,1,0,0,0,10,35,0,0,0,沿用有证据的原生/专业类别；结构、功能、材料、平台等不同轴可并存；只有全范围证据才细分家族，无证据的末端保留较宽接入。
television_sets,电视机,membership,2,2,2,2,0,0,2,2,2,0,0,0,0,3,0,0,0,沿用有证据的原生/专业类别；结构、功能、材料、平台等不同轴可并存；只有全范围证据才细分家族，无证据的末端保留较宽接入。
tools,工具,membership,2,2,2,2,0,0,2,2,2,0,0,0,0,0,0,0,0,沿用有证据的原生/专业类别；结构、功能、材料、平台等不同轴可并存；只有全范围证据才细分家族，无证据的末端保留较宽接入。
tractors,拖拉机,membership,66,65,66,65,1,1,"2,64","2,63","2,63",0,0,0,1,4,0,0,0,沿用有证据的原生/专业类别；结构、功能、材料、平台等不同轴可并存；只有全范围证据才细分家族，无证据的末端保留较宽接入。
valleys,山谷,membership,2,2,2,2,0,0,2,2,2,0,0,0,0,0,0,5,0,通用环境/地貌类型与命名地物实例分别保留；位置、组成、成因不自动当子类；未记录物理特征的命名实例不强挂更窄类型。
volcanoes,火山,membership,2,2,2,2,0,0,2,2,2,0,0,0,0,0,0,27,0,通用环境/地貌类型与命名地物实例分别保留；位置、组成、成因不自动当子类；未记录物理特征的命名实例不强挂更窄类型。
waterfalls,瀑布,membership,2,2,2,2,0,0,2,2,2,0,0,0,0,0,0,14,0,现有瀑布专业类型为根下直接子类；未找到充分证据把这些并列形态强行串成更深链。命名瀑布另作实例。
wearable_computers,可穿戴计算机,membership,1,1,1,1,0,0,1,1,1,0,0,0,0,0,0,0,0,用准确产品/配置字段连接已有通用类型；不从某一 SKU 推断整系列，不将品牌家族作为类别根。
wetlands,湿地,membership,3,3,3,3,0,0,3,3,3,0,0,0,0,0,0,0,0,沿用有证据的原生/专业类别；结构、功能、材料、平台等不同轴可并存；只有全范围证据才细分家族，无证据的末端保留较宽接入。
