domain,entry,native_root,WordNet_anchor,synset,definition,relation,selection_basis,path_status,public_contract_pass,member_identities,root_to_native_uid_path
agricultural_habitats,fineatlas-domain:agricultural_habitats,eunis2012:I,wordnet31:08598111-n,eng-31-08598111-n,"the type of environment in which an organism or group normally lives or occurs; ""a marine habitat""; ""he felt safe on his home grounds""",EXISTING_TYPED_CLASSIFICATION_PATH,"Lowest retained WordNet 3.1 synset on the existing, view-validated native root witness; no inferred shortcut",CONNECTED,True,26,wordnet31:00001740-n -> wordnet31:00001930-n -> wordnet31:00002684-n -> wordnet31:00027365-n -> wordnet31:08648560-n -> wordnet31:08591861-n -> wordnet31:08584764-n -> wordnet31:08598111-n -> eunis2012:I
aircraft,fineatlas-domain:aircraft,wordnet31:02689427-n,wordnet31:02689427-n,eng-31-02689427-n,a vehicle that can fly,EXISTING_TYPED_CLASSIFICATION_PATH,"Lowest retained WordNet 3.1 synset on the existing, view-validated native root witness; no inferred shortcut",CONNECTED,True,112310,wordnet31:00001740-n -> wordnet31:00001930-n -> wordnet31:00002684-n -> wordnet31:00003553-n -> wordnet31:00022119-n -> wordnet31:03580409-n -> wordnet31:03105141-n -> wordnet31:04531608-n -> wordnet31:03130521-n -> wordnet31:02689427-n
animals,fineatlas-domain:animals,ott:691846,wordnet31:00015568-n,eng-31-00015568-n,a living organism characterized by voluntary movement,EXISTING_TYPED_CLASSIFICATION_PATH,"Lowest retained WordNet 3.1 synset on the existing, view-validated native root witness; no inferred shortcut",CONNECTED,True,5090920,wordnet31:00001740-n -> wordnet31:00001930-n -> wordnet31:00002684-n -> wordnet31:00003553-n -> wordnet31:00004258-n -> wordnet31:00004475-n -> wordnet31:00015568-n -> ott:691846
animals,fineatlas-domain:animals,wordnet31:00015568-n,wordnet31:00015568-n,eng-31-00015568-n,a living organism characterized by voluntary movement,EXISTING_TYPED_CLASSIFICATION_PATH,"Lowest retained WordNet 3.1 synset on the existing, view-validated native root witness; no inferred shortcut",CONNECTED,True,5090920,wordnet31:00001740-n -> wordnet31:00001930-n -> wordnet31:00002684-n -> wordnet31:00003553-n -> wordnet31:00004258-n -> wordnet31:00004475-n -> wordnet31:00015568-n
aquifers,fineatlas-domain:aquifers,wordnet31:09224876-n,wordnet31:09224876-n,eng-31-09224876-n,underground bed or layer yielding ground water for wells and springs etc,EXISTING_TYPED_CLASSIFICATION_PATH,"Lowest retained WordNet 3.1 synset on the existing, view-validated native root witness; no inferred shortcut",CONNECTED,True,17,wordnet31:00001740-n -> wordnet31:00001930-n -> wordnet31:00002684-n -> wordnet31:09310874-n -> wordnet31:09224876-n
archaea,fineatlas-domain:archaea,ott:996421,wordnet31:00004475-n,eng-31-00004475-n,a living thing that has (or can develop) the ability to act or function independently,EXISTING_TYPED_CLASSIFICATION_PATH,"Lowest retained WordNet 3.1 synset on the existing, view-validated native root witness; no inferred shortcut",CONNECTED,True,10411,wordnet31:00001740-n -> wordnet31:00001930-n -> wordnet31:00002684-n -> wordnet31:00003553-n -> wordnet31:00004258-n -> wordnet31:00004475-n -> ott:93302 -> ott:996421
artificial_habitats,fineatlas-domain:artificial_habitats,eunis2012:J,wordnet31:08598111-n,eng-31-08598111-n,"the type of environment in which an organism or group normally lives or occurs; ""a marine habitat""; ""he felt safe on his home grounds""",EXISTING_TYPED_CLASSIFICATION_PATH,"Lowest retained WordNet 3.1 synset on the existing, view-validated native root witness; no inferred shortcut",CONNECTED,True,70,wordnet31:00001740-n -> wordnet31:00001930-n -> wordnet31:00002684-n -> wordnet31:00027365-n -> wordnet31:08648560-n -> wordnet31:08591861-n -> wordnet31:08584764-n -> wordnet31:08598111-n -> eunis2012:J
bacteria,fineatlas-domain:bacteria,ott:844192,wordnet31:00004475-n,eng-31-00004475-n,a living thing that has (or can develop) the ability to act or function independently,EXISTING_TYPED_CLASSIFICATION_PATH,"Lowest retained WordNet 3.1 synset on the existing, view-validated native root witness; no inferred shortcut",CONNECTED,True,477814,wordnet31:00001740-n -> wordnet31:00001930-n -> wordnet31:00002684-n -> wordnet31:00003553-n -> wordnet31:00004258-n -> wordnet31:00004475-n -> ott:93302 -> ott:844192
bacteria,fineatlas-domain:bacteria,wordnet31:01351171-n,wordnet31:01351171-n,eng-31-01351171-n,(microbiology) single-celled or noncellular spherical or spiral or rod-shaped organisms lacking chlorophyll that reproduce by fission; important as pathogens and for biochemical properties; taxonomy is difficult; often considered to be plants,EXISTING_TYPED_CLASSIFICATION_PATH,"Lowest retained WordNet 3.1 synset on the existing, view-validated native root witness; no inferred shortcut",CONNECTED,True,477814,wordnet31:00001740-n -> wordnet31:00001930-n -> wordnet31:00002684-n -> wordnet31:00003553-n -> wordnet31:00004258-n -> wordnet31:00004475-n -> wordnet31:01328932-n -> wordnet31:01351171-n
beaches,fineatlas-domain:beaches,wikidata:Q40080,wordnet31:09240137-n,eng-31-09240137-n,an area of sand sloping down to the water of a sea or lake,EXISTING_TYPED_CLASSIFICATION_PATH,"Lowest retained WordNet 3.1 synset on the existing, view-validated native root witness; no inferred shortcut",CONNECTED,True,16199,wordnet31:00001740-n -> wordnet31:00001930-n -> wordnet31:00002684-n -> wordnet31:09310874-n -> wordnet31:09240137-n -> wikidata:Q40080
beaches,fineatlas-domain:beaches,wordnet31:09240137-n,wordnet31:09240137-n,eng-31-09240137-n,an area of sand sloping down to the water of a sea or lake,EXISTING_TYPED_CLASSIFICATION_PATH,"Lowest retained WordNet 3.1 synset on the existing, view-validated native root witness; no inferred shortcut",CONNECTED,True,16199,wordnet31:00001740-n -> wordnet31:00001930-n -> wordnet31:00002684-n -> wordnet31:09310874-n -> wordnet31:09240137-n
birds,fineatlas-domain:birds,ott:81461,wordnet31:01505702-n,eng-31-01505702-n,warm-blooded egg-laying vertebrates characterized by feathers and forelimbs modified as wings,EXISTING_TYPED_CLASSIFICATION_PATH,"Lowest retained WordNet 3.1 synset on the existing, view-validated native root witness; no inferred shortcut",CONNECTED,True,101200,wordnet31:00001740-n -> wordnet31:00001930-n -> wordnet31:00002684-n -> wordnet31:00003553-n -> wordnet31:00004258-n -> wordnet31:00004475-n -> wordnet31:00015568-n -> wordnet31:01468898-n -> wordnet31:01474323-n -> wordnet31:01505702-n -> ott:81461
birds,fineatlas-domain:birds,wordnet31:01505702-n,wordnet31:01505702-n,eng-31-01505702-n,warm-blooded egg-laying vertebrates characterized by feathers and forelimbs modified as wings,EXISTING_TYPED_CLASSIFICATION_PATH,"Lowest retained WordNet 3.1 synset on the existing, view-validated native root witness; no inferred shortcut",CONNECTED,True,101200,wordnet31:00001740-n -> wordnet31:00001930-n -> wordnet31:00002684-n -> wordnet31:00003553-n -> wordnet31:00004258-n -> wordnet31:00004475-n -> wordnet31:00015568-n -> wordnet31:01468898-n -> wordnet31:01474323-n -> wordnet31:01505702-n
bridges,fineatlas-domain:bridges,wikidata:Q12280,wordnet31:02901994-n,eng-31-02901994-n,a structure that allows people or vehicles to cross an obstacle such as a river or canal or railway etc.,EXISTING_TYPED_CLASSIFICATION_PATH,"Lowest retained WordNet 3.1 synset on the existing, view-validated native root witness; no inferred shortcut",CONNECTED,True,96,wordnet31:00001740-n -> wordnet31:00001930-n -> wordnet31:00002684-n -> wordnet31:00003553-n -> wordnet31:00022119-n -> wordnet31:04348764-n -> wordnet31:02901994-n -> wikidata:Q12280
bridges,fineatlas-domain:bridges,wordnet31:02901994-n,wordnet31:02901994-n,eng-31-02901994-n,a structure that allows people or vehicles to cross an obstacle such as a river or canal or railway etc.,EXISTING_TYPED_CLASSIFICATION_PATH,"Lowest retained WordNet 3.1 synset on the existing, view-validated native root witness; no inferred shortcut",CONNECTED,True,96,wordnet31:00001740-n -> wordnet31:00001930-n -> wordnet31:00002684-n -> wordnet31:00003553-n -> wordnet31:00022119-n -> wordnet31:04348764-n -> wordnet31:02901994-n
buildings,fineatlas-domain:buildings,wikidata:Q41176,wordnet31:02916498-n,eng-31-02916498-n,"a structure that has a roof and walls and stands more or less permanently in one place; ""there was a three-story building on the corner""; ""it was an imposing edifice""",EXISTING_TYPED_CLASSIFICATION_PATH,"Lowest retained WordNet 3.1 synset on the existing, view-validated native root witness; no inferred shortcut",CONNECTED,True,761,wordnet31:00001740-n -> wordnet31:00001930-n -> wordnet31:00002684-n -> wordnet31:00003553-n -> wordnet31:00022119-n -> wordnet31:04348764-n -> wordnet31:02916498-n -> wikidata:Q41176
buildings,fineatlas-domain:buildings,wordnet31:02916498-n,wordnet31:02916498-n,eng-31-02916498-n,"a structure that has a roof and walls and stands more or less permanently in one place; ""there was a three-story building on the corner""; ""it was an imposing edifice""",EXISTING_TYPED_CLASSIFICATION_PATH,"Lowest retained WordNet 3.1 synset on the existing, view-validated native root witness; no inferred shortcut",CONNECTED,True,761,wordnet31:00001740-n -> wordnet31:00001930-n -> wordnet31:00002684-n -> wordnet31:00003553-n -> wordnet31:00022119-n -> wordnet31:04348764-n -> wordnet31:02916498-n
camera_bodies,fineatlas-domain:camera_bodies,aat:300022636,wordnet31:03932386-n,eng-31-03932386-n,equipment used by a photographer,EXISTING_TYPED_CLASSIFICATION_PATH,"Lowest retained WordNet 3.1 synset on the existing, view-validated native root witness; no inferred shortcut",CONNECTED,True,718,wordnet31:00001740-n -> wordnet31:00001930-n -> wordnet31:00002684-n -> wordnet31:00003553-n -> wordnet31:00022119-n -> wordnet31:03580409-n -> wordnet31:03298959-n -> wordnet31:03932386-n -> aat:300022636
camera_bodies,fineatlas-domain:camera_bodies,wordnet31:02946154-n,wordnet31:02946154-n,eng-31-02946154-n,equipment for taking photographs (usually consisting of a lightproof box with a lens at one end and light-sensitive film at the other),EXISTING_TYPED_CLASSIFICATION_PATH,"Lowest retained WordNet 3.1 synset on the existing, view-validated native root witness; no inferred shortcut",CONNECTED,True,718,wordnet31:00001740-n -> wordnet31:00001930-n -> wordnet31:00002684-n -> wordnet31:00003553-n -> wordnet31:00022119-n -> wordnet31:03580409-n -> wordnet31:03298959-n -> wordnet31:03932386-n -> wordnet31:02946154-n
camera_lenses,fineatlas-domain:camera_lenses,wikidata:Q192234,wordnet31:02946696-n,eng-31-02946696-n,a lens that focuses the image in a camera,EXISTING_TYPED_CLASSIFICATION_PATH,"Lowest retained WordNet 3.1 synset on the existing, view-validated native root witness; no inferred shortcut",CONNECTED,True,46,wordnet31:00001740-n -> wordnet31:00001930-n -> wordnet31:00002684-n -> wordnet31:00003553-n -> wordnet31:00022119-n -> wordnet31:03580409-n -> wordnet31:03187746-n -> wordnet31:03856861-n -> wordnet31:03661810-n -> wordnet31:02946696-n -> wikidata:Q192234
camera_lenses,fineatlas-domain:camera_lenses,wordnet31:02946696-n,wordnet31:02946696-n,eng-31-02946696-n,a lens that focuses the image in a camera,EXISTING_TYPED_CLASSIFICATION_PATH,"Lowest retained WordNet 3.1 synset on the existing, view-validated native root witness; no inferred shortcut",CONNECTED,True,46,wordnet31:00001740-n -> wordnet31:00001930-n -> wordnet31:00002684-n -> wordnet31:00003553-n -> wordnet31:00022119-n -> wordnet31:03580409-n -> wordnet31:03187746-n -> wordnet31:03856861-n -> wordnet31:03661810-n -> wordnet31:02946696-n
cameras,fineatlas-domain:cameras,wikidata:Q15328,wordnet31:03856861-n,eng-31-03856861-n,a device for producing or controlling light,EXISTING_TYPED_CLASSIFICATION_PATH,"Lowest retained WordNet 3.1 synset on the existing, view-validated native root witness; no inferred shortcut",CONNECTED,True,763,wordnet31:00001740-n -> wordnet31:00001930-n -> wordnet31:00002684-n -> wordnet31:00003553-n -> wordnet31:00022119-n -> wordnet31:03580409-n -> wordnet31:03187746-n -> wordnet31:03856861-n -> wikidata:Q15328
cars,fineatlas-domain:cars,wordnet31:02961779-n,wordnet31:02961779-n,eng-31-02961779-n,"a motor vehicle with four wheels; usually propelled by an internal combustion engine; ""he needs a car to get to work""",EXISTING_TYPED_CLASSIFICATION_PATH,"Lowest retained WordNet 3.1 synset on the existing, view-validated native root witness; no inferred shortcut",CONNECTED,True,69147,wordnet31:00001740-n -> wordnet31:00001930-n -> wordnet31:00002684-n -> wordnet31:00003553-n -> wordnet31:00022119-n -> wordnet31:03580409-n -> wordnet31:03099154-n -> wordnet31:04583497-n -> wordnet31:04177098-n -> wordnet31:03796768-n -> wordnet31:02961779-n
ceramic_capacitors,fineatlas-domain:ceramic_capacitors,wikidata:Q337701,wordnet31:03187746-n,eng-31-03187746-n,"an instrumentality invented for a particular purpose; ""the device is small enough to wear on your wrist""; ""a device intended to conserve water""",EXISTING_TYPED_CLASSIFICATION_PATH,"Lowest retained WordNet 3.1 synset on the existing, view-validated native root witness; no inferred shortcut",CONNECTED,True,3916,wordnet31:00001740-n -> wordnet31:00001930-n -> wordnet31:00002684-n -> wordnet31:00003553-n -> wordnet31:00022119-n -> wordnet31:03580409-n -> wordnet31:03187746-n -> wikidata:Q5322 -> wikidata:Q337701
clothing,fineatlas-domain:clothing,wikidata:Q11460,wordnet31:03055525-n,eng-31-03055525-n,a covering designed to be worn on a person's body,EXISTING_TYPED_CLASSIFICATION_PATH,"Lowest retained WordNet 3.1 synset on the existing, view-validated native root witness; no inferred shortcut",CONNECTED,True,1571,wordnet31:00001740-n -> wordnet31:00001930-n -> wordnet31:00002684-n -> wordnet31:00003553-n -> wordnet31:00022119-n -> wordnet31:03127399-n -> wordnet31:03055525-n -> wikidata:Q11460
clothing,fineatlas-domain:clothing,wordnet31:03055525-n,wordnet31:03055525-n,eng-31-03055525-n,a covering designed to be worn on a person's body,EXISTING_TYPED_CLASSIFICATION_PATH,"Lowest retained WordNet 3.1 synset on the existing, view-validated native root witness; no inferred shortcut",CONNECTED,True,1571,wordnet31:00001740-n -> wordnet31:00001930-n -> wordnet31:00002684-n -> wordnet31:00003553-n -> wordnet31:00022119-n -> wordnet31:03127399-n -> wordnet31:03055525-n
clouds,fineatlas-domain:clouds,wikidata:Q8074,wordnet31:09270316-n,eng-31-09270316-n,a visible mass of water or ice particles suspended at a considerable altitude,EXISTING_TYPED_CLASSIFICATION_PATH,"Lowest retained WordNet 3.1 synset on the existing, view-validated native root witness; no inferred shortcut",CONNECTED,True,74,wordnet31:00001740-n -> wordnet31:00001930-n -> wordnet31:00029976-n -> wordnet31:00034512-n -> wordnet31:11428673-n -> wordnet31:11439518-n -> wordnet31:11445694-n -> wordnet31:09270316-n -> wikidata:Q8074
clouds,fineatlas-domain:clouds,wordnet31:09270316-n,wordnet31:09270316-n,eng-31-09270316-n,a visible mass of water or ice particles suspended at a considerable altitude,EXISTING_TYPED_CLASSIFICATION_PATH,"Lowest retained WordNet 3.1 synset on the existing, view-validated native root witness; no inferred shortcut",CONNECTED,True,74,wordnet31:00001740-n -> wordnet31:00001930-n -> wordnet31:00029976-n -> wordnet31:00034512-n -> wordnet31:11428673-n -> wordnet31:11439518-n -> wordnet31:11445694-n -> wordnet31:09270316-n
coastal_habitats,fineatlas-domain:coastal_habitats,eunis2012:B,wordnet31:08598111-n,eng-31-08598111-n,"the type of environment in which an organism or group normally lives or occurs; ""a marine habitat""; ""he felt safe on his home grounds""",EXISTING_TYPED_CLASSIFICATION_PATH,"Lowest retained WordNet 3.1 synset on the existing, view-validated native root witness; no inferred shortcut",CONNECTED,True,366,wordnet31:00001740-n -> wordnet31:00001930-n -> wordnet31:00002684-n -> wordnet31:00027365-n -> wordnet31:08648560-n -> wordnet31:08591861-n -> wordnet31:08584764-n -> wordnet31:08598111-n -> eunis2012:B
coastal_habitats,fineatlas-domain:coastal_habitats,eunis2021:N,wordnet31:08598111-n,eng-31-08598111-n,"the type of environment in which an organism or group normally lives or occurs; ""a marine habitat""; ""he felt safe on his home grounds""",EXISTING_TYPED_CLASSIFICATION_PATH,"Lowest retained WordNet 3.1 synset on the existing, view-validated native root witness; no inferred shortcut",CONNECTED,True,366,wordnet31:00001740-n -> wordnet31:00001930-n -> wordnet31:00002684-n -> wordnet31:00027365-n -> wordnet31:08648560-n -> wordnet31:08591861-n -> wordnet31:08584764-n -> wordnet31:08598111-n -> eunis2021:N
computer_hardware,fineatlas-domain:computer_hardware,wikidata:Q183484,wordnet31:03037347-n,eng-31-03037347-n,an electrical device that provides a path for electrical current to flow,EXISTING_TYPED_CLASSIFICATION_PATH,"Lowest retained WordNet 3.1 synset on the existing, view-validated native root witness; no inferred shortcut",CONNECTED,True,522,wordnet31:00001740-n -> wordnet31:00001930-n -> wordnet31:00002684-n -> wordnet31:00003553-n -> wordnet31:00022119-n -> wordnet31:03580409-n -> wordnet31:03187746-n -> wordnet31:03274312-n -> wordnet31:03037347-n -> wikidata:Q183484
computer_hardware,fineatlas-domain:computer_hardware,wikidata:Q3966,wordnet31:03085025-n,eng-31-03085025-n,"an artifact that is one of the individual parts of which a composite entity is made up; especially a part that can be separated from or attached to a system; ""spare components for cars""; ""a component or constituent element of a system""",EXISTING_TYPED_CLASSIFICATION_PATH,"Lowest retained WordNet 3.1 synset on the existing, view-validated native root witness; no inferred shortcut",CONNECTED,True,522,wordnet31:00001740-n -> wordnet31:00001930-n -> wordnet31:00002684-n -> wordnet31:03898588-n -> wordnet31:03085025-n -> wikidata:Q3966
computer_hardware,fineatlas-domain:computer_hardware,wikidata:Q487343,wordnet31:03085025-n,eng-31-03085025-n,"an artifact that is one of the individual parts of which a composite entity is made up; especially a part that can be separated from or attached to a system; ""spare components for cars""; ""a component or constituent element of a system""",EXISTING_TYPED_CLASSIFICATION_PATH,"Lowest retained WordNet 3.1 synset on the existing, view-validated native root witness; no inferred shortcut",CONNECTED,True,522,wordnet31:00001740-n -> wordnet31:00001930-n -> wordnet31:00002684-n -> wordnet31:03898588-n -> wordnet31:03085025-n -> wikidata:Q3966 -> hierarchy-type:hardware-storage -> wikidata:Q487343
computer_hardware,fineatlas-domain:computer_hardware,wikidata:Q5290,wordnet31:03085025-n,eng-31-03085025-n,"an artifact that is one of the individual parts of which a composite entity is made up; especially a part that can be separated from or attached to a system; ""spare components for cars""; ""a component or constituent element of a system""",EXISTING_TYPED_CLASSIFICATION_PATH,"Lowest retained WordNet 3.1 synset on the existing, view-validated native root witness; no inferred shortcut",CONNECTED,True,522,wordnet31:00001740-n -> wordnet31:00001930-n -> wordnet31:00002684-n -> wordnet31:03898588-n -> wordnet31:03085025-n -> wikidata:Q3966 -> hierarchy-type:hardware-output -> wikidata:Q5290
computer_hardware,fineatlas-domain:computer_hardware,wikidata:Q5297,wordnet31:02998952-n,eng-31-02998952-n,"(computer science) the part of a computer (a microprocessor chip) that does most of the data processing; ""the CPU and the memory form the central part of a computer to which the peripherals are attached""",EXISTING_TYPED_CLASSIFICATION_PATH,"Lowest retained WordNet 3.1 synset on the existing, view-validated native root witness; no inferred shortcut",CONNECTED,True,522,wordnet31:00001740-n -> wordnet31:00001930-n -> wordnet31:00002684-n -> wordnet31:03898588-n -> wordnet31:03085025-n -> wordnet31:03498434-n -> wordnet31:02998952-n -> wikidata:Q5297
computer_monitors,fineatlas-domain:computer_monitors,wikidata:Q5290,wordnet31:03085025-n,eng-31-03085025-n,"an artifact that is one of the individual parts of which a composite entity is made up; especially a part that can be separated from or attached to a system; ""spare components for cars""; ""a component or constituent element of a system""",EXISTING_TYPED_CLASSIFICATION_PATH,"Lowest retained WordNet 3.1 synset on the existing, view-validated native root witness; no inferred shortcut",CONNECTED,True,24,wordnet31:00001740-n -> wordnet31:00001930-n -> wordnet31:00002684-n -> wordnet31:03898588-n -> wordnet31:03085025-n -> wikidata:Q3966 -> hierarchy-type:hardware-output -> wikidata:Q5290
computer_monitors,fineatlas-domain:computer_monitors,wordnet31:03089261-n,wordnet31:03089261-n,eng-31-03089261-n,a device that displays signals on a computer screen,EXISTING_TYPED_CLASSIFICATION_PATH,"Lowest retained WordNet 3.1 synset on the existing, view-validated native root witness; no inferred shortcut",CONNECTED,True,24,wordnet31:00001740-n -> wordnet31:00001930-n -> wordnet31:00002684-n -> wordnet31:00003553-n -> wordnet31:00022119-n -> wordnet31:03580409-n -> wordnet31:03187746-n -> wordnet31:03282682-n -> wordnet31:03215838-n -> wordnet31:03787723-n -> wordnet31:03089261-n
computers,fineatlas-domain:computers,wikidata:Q68,wordnet31:03086983-n,eng-31-03086983-n,a machine for performing calculations automatically,EXISTING_TYPED_CLASSIFICATION_PATH,"Lowest retained WordNet 3.1 synset on the existing, view-validated native root witness; no inferred shortcut",CONNECTED,True,925,wordnet31:00001740-n -> wordnet31:00001930-n -> wordnet31:00002684-n -> wordnet31:00003553-n -> wordnet31:00022119-n -> wordnet31:03580409-n -> wordnet31:03187746-n -> wordnet31:03705309-n -> wordnet31:03086983-n -> wikidata:Q68
computers,fineatlas-domain:computers,wordnet31:03086983-n,wordnet31:03086983-n,eng-31-03086983-n,a machine for performing calculations automatically,EXISTING_TYPED_CLASSIFICATION_PATH,"Lowest retained WordNet 3.1 synset on the existing, view-validated native root witness; no inferred shortcut",CONNECTED,True,925,wordnet31:00001740-n -> wordnet31:00001930-n -> wordnet31:00002684-n -> wordnet31:00003553-n -> wordnet31:00022119-n -> wordnet31:03580409-n -> wordnet31:03187746-n -> wordnet31:03705309-n -> wordnet31:03086983-n
deserts,fineatlas-domain:deserts,wikidata:Q8514,wordnet31:08522594-n,eng-31-08522594-n,arid land with little or no vegetation,EXISTING_TYPED_CLASSIFICATION_PATH,"Lowest retained WordNet 3.1 synset on the existing, view-validated native root witness; no inferred shortcut",CONNECTED,True,1056,wordnet31:00001740-n -> wordnet31:00002137-n -> wordnet31:00031563-n -> wordnet31:07957969-n -> wordnet31:07958185-n -> wordnet31:08522594-n -> wikidata:Q8514
deserts,fineatlas-domain:deserts,wordnet31:08522594-n,wordnet31:08522594-n,eng-31-08522594-n,arid land with little or no vegetation,EXISTING_TYPED_CLASSIFICATION_PATH,"Lowest retained WordNet 3.1 synset on the existing, view-validated native root witness; no inferred shortcut",CONNECTED,True,1056,wordnet31:00001740-n -> wordnet31:00002137-n -> wordnet31:00031563-n -> wordnet31:07957969-n -> wordnet31:07958185-n -> wordnet31:08522594-n
desktop_computers,fineatlas-domain:desktop_computers,wikidata:Q56155,wordnet31:03924602-n,eng-31-03924602-n,a small digital computer based on a microprocessor and designed to be used by one person at a time,EXISTING_TYPED_CLASSIFICATION_PATH,"Lowest retained WordNet 3.1 synset on the existing, view-validated native root witness; no inferred shortcut",CONNECTED,True,27,wordnet31:00001740-n -> wordnet31:00001930-n -> wordnet31:00002684-n -> wordnet31:00003553-n -> wordnet31:00022119-n -> wordnet31:03580409-n -> wordnet31:03187746-n -> wordnet31:03705309-n -> wordnet31:03086983-n -> wordnet31:03201008-n -> wordnet31:03924602-n -> wikidata:Q56155
digital_cameras,fineatlas-domain:digital_cameras,wikidata:Q62927,wordnet31:03856861-n,eng-31-03856861-n,a device for producing or controlling light,EXISTING_TYPED_CLASSIFICATION_PATH,"Lowest retained WordNet 3.1 synset on the existing, view-validated native root witness; no inferred shortcut",CONNECTED,True,315,wordnet31:00001740-n -> wordnet31:00001930-n -> wordnet31:00002684-n -> wordnet31:00003553-n -> wordnet31:00022119-n -> wordnet31:03580409-n -> wordnet31:03187746-n -> wordnet31:03856861-n -> wikidata:Q15328 -> wikidata:Q62927
digital_cameras,fineatlas-domain:digital_cameras,wordnet31:03200746-n,wordnet31:03200746-n,eng-31-03200746-n,a camera that encodes an image digitally and store it for later reproduction,EXISTING_TYPED_CLASSIFICATION_PATH,"Lowest retained WordNet 3.1 synset on the existing, view-validated native root witness; no inferred shortcut",CONNECTED,True,315,wordnet31:00001740-n -> wordnet31:00001930-n -> wordnet31:00002684-n -> wordnet31:00003553-n -> wordnet31:00022119-n -> wordnet31:03580409-n -> wordnet31:03298959-n -> wordnet31:03932386-n -> wordnet31:02946154-n -> wordnet31:03200746-n
dishes,fineatlas-domain:dishes,wikidata:Q746549,wordnet31:07572999-n,eng-31-07572999-n,"a particular item of prepared food; ""she prepared a special dish for dinner""",EXISTING_TYPED_CLASSIFICATION_PATH,"Lowest retained WordNet 3.1 synset on the existing, view-validated native root witness; no inferred shortcut",CONNECTED,True,926,wordnet31:00001740-n -> wordnet31:00001930-n -> wordnet31:00021007-n -> wordnet31:00020270-n -> wordnet31:00021445-n -> wordnet31:07586285-n -> wordnet31:07572999-n -> wikidata:Q746549
dishes,fineatlas-domain:dishes,wordnet31:07572999-n,wordnet31:07572999-n,eng-31-07572999-n,"a particular item of prepared food; ""she prepared a special dish for dinner""",EXISTING_TYPED_CLASSIFICATION_PATH,"Lowest retained WordNet 3.1 synset on the existing, view-validated native root witness; no inferred shortcut",CONNECTED,True,926,wordnet31:00001740-n -> wordnet31:00001930-n -> wordnet31:00021007-n -> wordnet31:00020270-n -> wordnet31:00021445-n -> wordnet31:07586285-n -> wordnet31:07572999-n
earbuds,fineatlas-domain:earbuds,wikidata:Q50184015,wordnet31:03266479-n,eng-31-03266479-n,"electro-acoustic transducer for converting electric signals into sounds; it is held over or inserted into the ear; ""it was not the typing but the earphones that she disliked""",EXISTING_TYPED_CLASSIFICATION_PATH,"Lowest retained WordNet 3.1 synset on the existing, view-validated native root witness; no inferred shortcut",CONNECTED,True,12,wordnet31:00001740-n -> wordnet31:00001930-n -> wordnet31:00002684-n -> wordnet31:00003553-n -> wordnet31:00022119-n -> wordnet31:03580409-n -> wordnet31:03187746-n -> wordnet31:03274312-n -> wordnet31:04478188-n -> wordnet31:03279472-n -> wordnet31:03266479-n -> wikidata:Q50184015
electronic_components,fineatlas-domain:electronic_components,wikidata:Q11653,wordnet31:03085025-n,eng-31-03085025-n,"an artifact that is one of the individual parts of which a composite entity is made up; especially a part that can be separated from or attached to a system; ""spare components for cars""; ""a component or constituent element of a system""",EXISTING_TYPED_CLASSIFICATION_PATH,"Lowest retained WordNet 3.1 synset on the existing, view-validated native root witness; no inferred shortcut",CONNECTED,True,6959,wordnet31:00001740-n -> wordnet31:00001930-n -> wordnet31:00002684-n -> wordnet31:03898588-n -> wordnet31:03085025-n -> wikidata:Q11653
electronic_devices,fineatlas-domain:electronic_devices,wikidata:Q2858615,wordnet31:03282682-n,eng-31-03282682-n,a device that accomplishes its purpose electronically,EXISTING_TYPED_CLASSIFICATION_PATH,"Lowest retained WordNet 3.1 synset on the existing, view-validated native root witness; no inferred shortcut",CONNECTED,True,7362,wordnet31:00001740-n -> wordnet31:00001930-n -> wordnet31:00002684-n -> wordnet31:00003553-n -> wordnet31:00022119-n -> wordnet31:03580409-n -> wordnet31:03187746-n -> wordnet31:03282682-n -> wikidata:Q2858615
electronic_devices,fineatlas-domain:electronic_devices,wordnet31:03282682-n,wordnet31:03282682-n,eng-31-03282682-n,a device that accomplishes its purpose electronically,EXISTING_TYPED_CLASSIFICATION_PATH,"Lowest retained WordNet 3.1 synset on the existing, view-validated native root witness; no inferred shortcut",CONNECTED,True,7362,wordnet31:00001740-n -> wordnet31:00001930-n -> wordnet31:00002684-n -> wordnet31:00003553-n -> wordnet31:00022119-n -> wordnet31:03580409-n -> wordnet31:03187746-n -> wordnet31:03282682-n
electronic_equipment,fineatlas-domain:electronic_equipment,wordnet31:03283159-n,wordnet31:03283159-n,eng-31-03283159-n,equipment that involves the controlled conduction of electrons (especially in a gas or vacuum or semiconductor),EXISTING_TYPED_CLASSIFICATION_PATH,"Lowest retained WordNet 3.1 synset on the existing, view-validated native root witness; no inferred shortcut",CONNECTED,True,2692,wordnet31:00001740-n -> wordnet31:00001930-n -> wordnet31:00002684-n -> wordnet31:00003553-n -> wordnet31:00022119-n -> wordnet31:03580409-n -> wordnet31:03298959-n -> wordnet31:03283159-n
fitness_trackers,fineatlas-domain:fitness_trackers,wikidata:Q16001686,wordnet31:03282682-n,eng-31-03282682-n,a device that accomplishes its purpose electronically,EXISTING_TYPED_CLASSIFICATION_PATH,"Lowest retained WordNet 3.1 synset on the existing, view-validated native root witness; no inferred shortcut",CONNECTED,True,17,wordnet31:00001740-n -> wordnet31:00001930-n -> wordnet31:00002684-n -> wordnet31:00003553-n -> wordnet31:00022119-n -> wordnet31:03580409-n -> wordnet31:03187746-n -> wordnet31:03282682-n -> wikidata:Q16001686
food_products,fineatlas-domain:food_products,foodon:FOODON_00001002,wordnet31:07581905-n,eng-31-07581905-n,a substance that can be used or prepared for use as food,EXISTING_TYPED_CLASSIFICATION_PATH,"Lowest retained WordNet 3.1 synset on the existing, view-validated native root witness; no inferred shortcut",CONNECTED,True,12337,wordnet31:00001740-n -> wordnet31:00001930-n -> wordnet31:00021007-n -> wordnet31:00020270-n -> wordnet31:00021445-n -> wordnet31:07581905-n -> foodon:FOODON_00001002
forest_habitats,fineatlas-domain:forest_habitats,eunis2012:G,wordnet31:08598111-n,eng-31-08598111-n,"the type of environment in which an organism or group normally lives or occurs; ""a marine habitat""; ""he felt safe on his home grounds""",EXISTING_TYPED_CLASSIFICATION_PATH,"Lowest retained WordNet 3.1 synset on the existing, view-validated native root witness; no inferred shortcut",CONNECTED,True,2852,wordnet31:00001740-n -> wordnet31:00001930-n -> wordnet31:00002684-n -> wordnet31:00027365-n -> wordnet31:08648560-n -> wordnet31:08591861-n -> wordnet31:08584764-n -> wordnet31:08598111-n -> eunis2012:G
forest_habitats,fineatlas-domain:forest_habitats,eunis2021:T,wordnet31:08598111-n,eng-31-08598111-n,"the type of environment in which an organism or group normally lives or occurs; ""a marine habitat""; ""he felt safe on his home grounds""",EXISTING_TYPED_CLASSIFICATION_PATH,"Lowest retained WordNet 3.1 synset on the existing, view-validated native root witness; no inferred shortcut",CONNECTED,True,2852,wordnet31:00001740-n -> wordnet31:00001930-n -> wordnet31:00002684-n -> wordnet31:00027365-n -> wordnet31:08648560-n -> wordnet31:08591861-n -> wordnet31:08584764-n -> wordnet31:08598111-n -> eunis2021:T
forests,fineatlas-domain:forests,eunis2012:G,wordnet31:08598111-n,eng-31-08598111-n,"the type of environment in which an organism or group normally lives or occurs; ""a marine habitat""; ""he felt safe on his home grounds""",EXISTING_TYPED_CLASSIFICATION_PATH,"Lowest retained WordNet 3.1 synset on the existing, view-validated native root witness; no inferred shortcut",CONNECTED,True,94827,wordnet31:00001740-n -> wordnet31:00001930-n -> wordnet31:00002684-n -> wordnet31:00027365-n -> wordnet31:08648560-n -> wordnet31:08591861-n -> wordnet31:08584764-n -> wordnet31:08598111-n -> eunis2012:G
forests,fineatlas-domain:forests,eunis2021:T,wordnet31:08598111-n,eng-31-08598111-n,"the type of environment in which an organism or group normally lives or occurs; ""a marine habitat""; ""he felt safe on his home grounds""",EXISTING_TYPED_CLASSIFICATION_PATH,"Lowest retained WordNet 3.1 synset on the existing, view-validated native root witness; no inferred shortcut",CONNECTED,True,94827,wordnet31:00001740-n -> wordnet31:00001930-n -> wordnet31:00002684-n -> wordnet31:00027365-n -> wordnet31:08648560-n -> wordnet31:08591861-n -> wordnet31:08584764-n -> wordnet31:08598111-n -> eunis2021:T
forests,fineatlas-domain:forests,wikidata:Q4421,wordnet31:08385684-n,eng-31-08385684-n,a system formed by the interaction of a community of organisms with their physical environment,EXISTING_TYPED_CLASSIFICATION_PATH,"Lowest retained WordNet 3.1 synset on the existing, view-validated native root witness; no inferred shortcut",CONNECTED,True,94827,wordnet31:00001740-n -> wordnet31:00002137-n -> wordnet31:00031563-n -> wordnet31:08452398-n -> wordnet31:08385684-n -> wikidata:Q4421
forests,fineatlas-domain:forests,wordnet31:09306921-n,wordnet31:09306921-n,eng-31-09306921-n,land that is covered with trees and shrubs,EXISTING_TYPED_CLASSIFICATION_PATH,"Lowest retained WordNet 3.1 synset on the existing, view-validated native root witness; no inferred shortcut",CONNECTED,True,94827,wordnet31:00001740-n -> wordnet31:00001930-n -> wordnet31:00002684-n -> wordnet31:09357302-n -> wordnet31:09306921-n
freshwater_habitats,fineatlas-domain:freshwater_habitats,eunis2012:C,wordnet31:08598111-n,eng-31-08598111-n,"the type of environment in which an organism or group normally lives or occurs; ""a marine habitat""; ""he felt safe on his home grounds""",EXISTING_TYPED_CLASSIFICATION_PATH,"Lowest retained WordNet 3.1 synset on the existing, view-validated native root witness; no inferred shortcut",CONNECTED,True,306,wordnet31:00001740-n -> wordnet31:00001930-n -> wordnet31:00002684-n -> wordnet31:00027365-n -> wordnet31:08648560-n -> wordnet31:08591861-n -> wordnet31:08584764-n -> wordnet31:08598111-n -> eunis2012:C
fungi,fineatlas-domain:fungi,ott:352914,wordnet31:13013628-n,eng-31-13013628-n,an organism of the kingdom Fungi lacking chlorophyll and feeding on organic matter; ranging from unicellular or multicellular organisms to spore-bearing syncytia,EXISTING_TYPED_CLASSIFICATION_PATH,"Lowest retained WordNet 3.1 synset on the existing, view-validated native root witness; no inferred shortcut",CONNECTED,True,398836,wordnet31:00001740-n -> wordnet31:00001930-n -> wordnet31:00002684-n -> wordnet31:00003553-n -> wordnet31:00004258-n -> wordnet31:00004475-n -> wordnet31:13013628-n -> ott:352914
fungi,fineatlas-domain:fungi,wordnet31:13013628-n,wordnet31:13013628-n,eng-31-13013628-n,an organism of the kingdom Fungi lacking chlorophyll and feeding on organic matter; ranging from unicellular or multicellular organisms to spore-bearing syncytia,EXISTING_TYPED_CLASSIFICATION_PATH,"Lowest retained WordNet 3.1 synset on the existing, view-validated native root witness; no inferred shortcut",CONNECTED,True,398836,wordnet31:00001740-n -> wordnet31:00001930-n -> wordnet31:00002684-n -> wordnet31:00003553-n -> wordnet31:00004258-n -> wordnet31:00004475-n -> wordnet31:13013628-n
furniture,fineatlas-domain:furniture,wikidata:Q14745,wordnet31:03298959-n,eng-31-03298959-n,an instrumentality needed for an undertaking or to perform a service,EXISTING_TYPED_CLASSIFICATION_PATH,"Lowest retained WordNet 3.1 synset on the existing, view-validated native root witness; no inferred shortcut",CONNECTED,True,1414,wordnet31:00001740-n -> wordnet31:00001930-n -> wordnet31:00002684-n -> wordnet31:00003553-n -> wordnet31:00022119-n -> wordnet31:03580409-n -> wordnet31:03298959-n -> aat:300037680 -> wikidata:Q14745
furniture,fineatlas-domain:furniture,wordnet31:03410635-n,wordnet31:03410635-n,eng-31-03410635-n,"furnishings that make a room or other area ready for occupancy; ""they had too much furniture for the small apartment""; ""there was only one piece of furniture in the room""",EXISTING_TYPED_CLASSIFICATION_PATH,"Lowest retained WordNet 3.1 synset on the existing, view-validated native root witness; no inferred shortcut",CONNECTED,True,1414,wordnet31:00001740-n -> wordnet31:00001930-n -> wordnet31:00002684-n -> wordnet31:00003553-n -> wordnet31:00022119-n -> wordnet31:03580409-n -> wordnet31:03298959-n -> aat:300037680 -> wordnet31:03410635-n
game_consoles,fineatlas-domain:game_consoles,wikidata:Q8076,wordnet31:03282682-n,eng-31-03282682-n,a device that accomplishes its purpose electronically,EXISTING_TYPED_CLASSIFICATION_PATH,"Lowest retained WordNet 3.1 synset on the existing, view-validated native root witness; no inferred shortcut",CONNECTED,True,114,wordnet31:00001740-n -> wordnet31:00001930-n -> wordnet31:00002684-n -> wordnet31:00003553-n -> wordnet31:00022119-n -> wordnet31:03580409-n -> wordnet31:03187746-n -> wordnet31:03282682-n -> wikidata:Q2858615 -> wikidata:Q8076
glaciers,fineatlas-domain:glaciers,wikidata:Q35666,wordnet31:09312237-n,eng-31-09312237-n,a slowly moving mass of ice,EXISTING_TYPED_CLASSIFICATION_PATH,"Lowest retained WordNet 3.1 synset on the existing, view-validated native root witness; no inferred shortcut",CONNECTED,True,8323,wordnet31:00001740-n -> wordnet31:00001930-n -> wordnet31:00002684-n -> wordnet31:09310874-n -> wordnet31:09332198-n -> wordnet31:09312237-n -> wikidata:Q35666
glaciers,fineatlas-domain:glaciers,wordnet31:09312237-n,wordnet31:09312237-n,eng-31-09312237-n,a slowly moving mass of ice,EXISTING_TYPED_CLASSIFICATION_PATH,"Lowest retained WordNet 3.1 synset on the existing, view-validated native root witness; no inferred shortcut",CONNECTED,True,8323,wordnet31:00001740-n -> wordnet31:00001930-n -> wordnet31:00002684-n -> wordnet31:09310874-n -> wordnet31:09332198-n -> wordnet31:09312237-n
gpus,fineatlas-domain:gpus,wikidata:Q183484,wordnet31:03037347-n,eng-31-03037347-n,an electrical device that provides a path for electrical current to flow,EXISTING_TYPED_CLASSIFICATION_PATH,"Lowest retained WordNet 3.1 synset on the existing, view-validated native root witness; no inferred shortcut",CONNECTED,True,400,wordnet31:00001740-n -> wordnet31:00001930-n -> wordnet31:00002684-n -> wordnet31:00003553-n -> wordnet31:00022119-n -> wordnet31:03580409-n -> wordnet31:03187746-n -> wordnet31:03274312-n -> wordnet31:03037347-n -> wikidata:Q183484
graphics_cards,fineatlas-domain:graphics_cards,wikidata:Q4308,wordnet31:03085025-n,eng-31-03085025-n,"an artifact that is one of the individual parts of which a composite entity is made up; especially a part that can be separated from or attached to a system; ""spare components for cars""; ""a component or constituent element of a system""",EXISTING_TYPED_CLASSIFICATION_PATH,"Lowest retained WordNet 3.1 synset on the existing, view-validated native root witness; no inferred shortcut",CONNECTED,True,50,wordnet31:00001740-n -> wordnet31:00001930-n -> wordnet31:00002684-n -> wordnet31:03898588-n -> wordnet31:03085025-n -> wikidata:Q173350 -> wikidata:Q216158 -> wikidata:Q4308
grasslands,fineatlas-domain:grasslands,eunis2012:E,wordnet31:08598111-n,eng-31-08598111-n,"the type of environment in which an organism or group normally lives or occurs; ""a marine habitat""; ""he felt safe on his home grounds""",EXISTING_TYPED_CLASSIFICATION_PATH,"Lowest retained WordNet 3.1 synset on the existing, view-validated native root witness; no inferred shortcut",CONNECTED,True,1553,wordnet31:00001740-n -> wordnet31:00001930-n -> wordnet31:00002684-n -> wordnet31:00027365-n -> wordnet31:08648560-n -> wordnet31:08591861-n -> wordnet31:08584764-n -> wordnet31:08598111-n -> eunis2012:E
grasslands,fineatlas-domain:grasslands,eunis2021:R,wordnet31:08598111-n,eng-31-08598111-n,"the type of environment in which an organism or group normally lives or occurs; ""a marine habitat""; ""he felt safe on his home grounds""",EXISTING_TYPED_CLASSIFICATION_PATH,"Lowest retained WordNet 3.1 synset on the existing, view-validated native root witness; no inferred shortcut",CONNECTED,True,1553,wordnet31:00001740-n -> wordnet31:00001930-n -> wordnet31:00002684-n -> wordnet31:00027365-n -> wordnet31:08648560-n -> wordnet31:08591861-n -> wordnet31:08584764-n -> wordnet31:08598111-n -> eunis2021:R
habitat_complexes,fineatlas-domain:habitat_complexes,eunis2012:X,wordnet31:08598111-n,eng-31-08598111-n,"the type of environment in which an organism or group normally lives or occurs; ""a marine habitat""; ""he felt safe on his home grounds""",EXISTING_TYPED_CLASSIFICATION_PATH,"Lowest retained WordNet 3.1 synset on the existing, view-validated native root witness; no inferred shortcut",CONNECTED,True,33,wordnet31:00001740-n -> wordnet31:00001930-n -> wordnet31:00002684-n -> wordnet31:00027365-n -> wordnet31:08648560-n -> wordnet31:08591861-n -> wordnet31:08584764-n -> wordnet31:08598111-n -> eunis2012:X
habitats,fineatlas-domain:habitats,wordnet31:08598111-n,wordnet31:08598111-n,eng-31-08598111-n,"the type of environment in which an organism or group normally lives or occurs; ""a marine habitat""; ""he felt safe on his home grounds""",EXISTING_TYPED_CLASSIFICATION_PATH,"Lowest retained WordNet 3.1 synset on the existing, view-validated native root witness; no inferred shortcut",CONNECTED,True,9220,wordnet31:00001740-n -> wordnet31:00001930-n -> wordnet31:00002684-n -> wordnet31:00027365-n -> wordnet31:08648560-n -> wordnet31:08591861-n -> wordnet31:08584764-n -> wordnet31:08598111-n
hand_tools,fineatlas-domain:hand_tools,wikidata:Q2578402,wordnet31:04459089-n,eng-31-04459089-n,an implement used in the practice of a vocation,EXISTING_TYPED_CLASSIFICATION_PATH,"Lowest retained WordNet 3.1 synset on the existing, view-validated native root witness; no inferred shortcut",CONNECTED,True,284,wordnet31:00001740-n -> wordnet31:00001930-n -> wordnet31:00002684-n -> wordnet31:00003553-n -> wordnet31:00022119-n -> wordnet31:03580409-n -> wordnet31:03569147-n -> wordnet31:04459089-n -> aat:300162111 -> wikidata:Q2578402
hand_tools,fineatlas-domain:hand_tools,wordnet31:03494245-n,wordnet31:03494245-n,eng-31-03494245-n,a tool used with workers' hands,EXISTING_TYPED_CLASSIFICATION_PATH,"Lowest retained WordNet 3.1 synset on the existing, view-validated native root witness; no inferred shortcut",CONNECTED,True,284,wordnet31:00001740-n -> wordnet31:00001930-n -> wordnet31:00002684-n -> wordnet31:00003553-n -> wordnet31:00022119-n -> wordnet31:03580409-n -> wordnet31:03569147-n -> wordnet31:04459089-n -> wordnet31:03494245-n
headphones,fineatlas-domain:headphones,wikidata:Q186819,wordnet31:03266479-n,eng-31-03266479-n,"electro-acoustic transducer for converting electric signals into sounds; it is held over or inserted into the ear; ""it was not the typing but the earphones that she disliked""",EXISTING_TYPED_CLASSIFICATION_PATH,"Lowest retained WordNet 3.1 synset on the existing, view-validated native root witness; no inferred shortcut",CONNECTED,True,32,wordnet31:00001740-n -> wordnet31:00001930-n -> wordnet31:00002684-n -> wordnet31:00003553-n -> wordnet31:00022119-n -> wordnet31:03580409-n -> wordnet31:03187746-n -> wordnet31:03274312-n -> wordnet31:04478188-n -> wordnet31:03279472-n -> wordnet31:03266479-n -> wikidata:Q186819
headphones,fineatlas-domain:headphones,wordnet31:03266479-n,wordnet31:03266479-n,eng-31-03266479-n,"electro-acoustic transducer for converting electric signals into sounds; it is held over or inserted into the ear; ""it was not the typing but the earphones that she disliked""",EXISTING_TYPED_CLASSIFICATION_PATH,"Lowest retained WordNet 3.1 synset on the existing, view-validated native root witness; no inferred shortcut",CONNECTED,True,32,wordnet31:00001740-n -> wordnet31:00001930-n -> wordnet31:00002684-n -> wordnet31:00003553-n -> wordnet31:00022119-n -> wordnet31:03580409-n -> wordnet31:03187746-n -> wordnet31:03274312-n -> wordnet31:04478188-n -> wordnet31:03279472-n -> wordnet31:03266479-n
home_appliances,fineatlas-domain:home_appliances,wikidata:Q212920,wordnet31:03533443-n,eng-31-03533443-n,an appliance that does a particular job in the home,EXISTING_TYPED_CLASSIFICATION_PATH,"Lowest retained WordNet 3.1 synset on the existing, view-validated native root witness; no inferred shortcut",CONNECTED,True,108,wordnet31:00001740-n -> wordnet31:00001930-n -> wordnet31:00002684-n -> wordnet31:00003553-n -> wordnet31:00022119-n -> wordnet31:03080712-n -> wordnet31:03098030-n -> wordnet31:03262580-n -> wordnet31:02732781-n -> wordnet31:03533443-n -> wikidata:Q212920
home_appliances,fineatlas-domain:home_appliances,wordnet31:03533443-n,wordnet31:03533443-n,eng-31-03533443-n,an appliance that does a particular job in the home,EXISTING_TYPED_CLASSIFICATION_PATH,"Lowest retained WordNet 3.1 synset on the existing, view-validated native root witness; no inferred shortcut",CONNECTED,True,108,wordnet31:00001740-n -> wordnet31:00001930-n -> wordnet31:00002684-n -> wordnet31:00003553-n -> wordnet31:00022119-n -> wordnet31:03080712-n -> wordnet31:03098030-n -> wordnet31:03262580-n -> wordnet31:02732781-n -> wordnet31:03533443-n
integrated_circuits,fineatlas-domain:integrated_circuits,wikidata:Q80831,wordnet31:03085025-n,eng-31-03085025-n,"an artifact that is one of the individual parts of which a composite entity is made up; especially a part that can be separated from or attached to a system; ""spare components for cars""; ""a component or constituent element of a system""",EXISTING_TYPED_CLASSIFICATION_PATH,"Lowest retained WordNet 3.1 synset on the existing, view-validated native root witness; no inferred shortcut",CONNECTED,True,39,wordnet31:00001740-n -> wordnet31:00001930-n -> wordnet31:00002684-n -> wordnet31:03898588-n -> wordnet31:03085025-n -> wikidata:Q11653 -> wikidata:Q80831
integrated_circuits,fineatlas-domain:integrated_circuits,wordnet31:03582259-n,wordnet31:03582259-n,eng-31-03582259-n,a microelectronic computer circuit incorporated into a chip or semiconductor; a whole system rather than a single component,EXISTING_TYPED_CLASSIFICATION_PATH,"Lowest retained WordNet 3.1 synset on the existing, view-validated native root witness; no inferred shortcut",CONNECTED,True,39,wordnet31:00001740-n -> wordnet31:00001930-n -> wordnet31:00002684-n -> wordnet31:00003553-n -> wordnet31:00022119-n -> wordnet31:03580409-n -> wordnet31:03187746-n -> wordnet31:03274312-n -> wordnet31:03037347-n -> wordnet31:03088462-n -> wordnet31:03582259-n
islands,fineatlas-domain:islands,wikidata:Q23442,wordnet31:09339360-n,eng-31-09339360-n,a land mass (smaller than a continent) that is surrounded by water,EXISTING_TYPED_CLASSIFICATION_PATH,"Lowest retained WordNet 3.1 synset on the existing, view-validated native root witness; no inferred shortcut",CONNECTED,True,185153,wordnet31:00001740-n -> wordnet31:00001930-n -> wordnet31:00002684-n -> wordnet31:09357302-n -> wordnet31:09339360-n -> wikidata:Q23442
islands,fineatlas-domain:islands,wordnet31:09339360-n,wordnet31:09339360-n,eng-31-09339360-n,a land mass (smaller than a continent) that is surrounded by water,EXISTING_TYPED_CLASSIFICATION_PATH,"Lowest retained WordNet 3.1 synset on the existing, view-validated native root witness; no inferred shortcut",CONNECTED,True,185153,wordnet31:00001740-n -> wordnet31:00001930-n -> wordnet31:00002684-n -> wordnet31:09357302-n -> wordnet31:09339360-n
lakes,fineatlas-domain:lakes,eunis2012:C1,wordnet31:08598111-n,eng-31-08598111-n,"the type of environment in which an organism or group normally lives or occurs; ""a marine habitat""; ""he felt safe on his home grounds""",EXISTING_TYPED_CLASSIFICATION_PATH,"Lowest retained WordNet 3.1 synset on the existing, view-validated native root witness; no inferred shortcut",CONNECTED,True,414714,wordnet31:00001740-n -> wordnet31:00001930-n -> wordnet31:00002684-n -> wordnet31:00027365-n -> wordnet31:08648560-n -> wordnet31:08591861-n -> wordnet31:08584764-n -> wordnet31:08598111-n -> eunis2012:C -> eunis2012:C1
lakes,fineatlas-domain:lakes,wikidata:Q23397,wordnet31:09351810-n,eng-31-09351810-n,a body of (usually fresh) water surrounded by land,EXISTING_TYPED_CLASSIFICATION_PATH,"Lowest retained WordNet 3.1 synset on the existing, view-validated native root witness; no inferred shortcut",CONNECTED,True,414714,wordnet31:00001740-n -> wordnet31:00001930-n -> wordnet31:00002452-n -> wordnet31:09248053-n -> wordnet31:09351810-n -> wikidata:Q23397
lakes,fineatlas-domain:lakes,wordnet31:09351810-n,wordnet31:09351810-n,eng-31-09351810-n,a body of (usually fresh) water surrounded by land,EXISTING_TYPED_CLASSIFICATION_PATH,"Lowest retained WordNet 3.1 synset on the existing, view-validated native root witness; no inferred shortcut",CONNECTED,True,414714,wordnet31:00001740-n -> wordnet31:00001930-n -> wordnet31:00002452-n -> wordnet31:09248053-n -> wordnet31:09351810-n
laptops,fineatlas-domain:laptops,wikidata:Q3962,wordnet31:03924602-n,eng-31-03924602-n,a small digital computer based on a microprocessor and designed to be used by one person at a time,EXISTING_TYPED_CLASSIFICATION_PATH,"Lowest retained WordNet 3.1 synset on the existing, view-validated native root witness; no inferred shortcut",CONNECTED,True,126,wordnet31:00001740-n -> wordnet31:00001930-n -> wordnet31:00002684-n -> wordnet31:00003553-n -> wordnet31:00022119-n -> wordnet31:03580409-n -> wordnet31:03187746-n -> wordnet31:03705309-n -> wordnet31:03086983-n -> wordnet31:03201008-n -> wordnet31:03924602-n -> wikidata:Q3962
laptops,fineatlas-domain:laptops,wordnet31:03648120-n,wordnet31:03648120-n,eng-31-03648120-n,a portable computer small enough to use in your lap,EXISTING_TYPED_CLASSIFICATION_PATH,"Lowest retained WordNet 3.1 synset on the existing, view-validated native root witness; no inferred shortcut",CONNECTED,True,126,wordnet31:00001740-n -> wordnet31:00001930-n -> wordnet31:00002684-n -> wordnet31:00003553-n -> wordnet31:00022119-n -> wordnet31:03580409-n -> wordnet31:03187746-n -> wordnet31:03705309-n -> wordnet31:03086983-n -> wordnet31:03201008-n -> wordnet31:03924602-n -> wordnet31:03991590-n -> wordnet31:03648120-n
locomotives,fineatlas-domain:locomotives,wikidata:Q93301,wordnet31:03690149-n,eng-31-03690149-n,a wheeled vehicle consisting of a self-propelled engine that is used to draw trains along railway tracks,EXISTING_TYPED_CLASSIFICATION_PATH,"Lowest retained WordNet 3.1 synset on the existing, view-validated native root witness; no inferred shortcut",CONNECTED,True,504,wordnet31:00001740-n -> wordnet31:00001930-n -> wordnet31:00002684-n -> wordnet31:00003553-n -> wordnet31:00022119-n -> wordnet31:03580409-n -> wordnet31:03099154-n -> wordnet31:04583497-n -> wordnet31:04177098-n -> wordnet31:03690149-n -> wikidata:Q93301
locomotives,fineatlas-domain:locomotives,wordnet31:03690149-n,wordnet31:03690149-n,eng-31-03690149-n,a wheeled vehicle consisting of a self-propelled engine that is used to draw trains along railway tracks,EXISTING_TYPED_CLASSIFICATION_PATH,"Lowest retained WordNet 3.1 synset on the existing, view-validated native root witness; no inferred shortcut",CONNECTED,True,504,wordnet31:00001740-n -> wordnet31:00001930-n -> wordnet31:00002684-n -> wordnet31:00003553-n -> wordnet31:00022119-n -> wordnet31:03580409-n -> wordnet31:03099154-n -> wordnet31:04583497-n -> wordnet31:04177098-n -> wordnet31:03690149-n
loudspeakers,fineatlas-domain:loudspeakers,wikidata:Q570,wordnet31:03290823-n,eng-31-03290823-n,a structure consisting of an area that has been enclosed for some purpose,EXISTING_TYPED_CLASSIFICATION_PATH,"Lowest retained WordNet 3.1 synset on the existing, view-validated native root witness; no inferred shortcut",CONNECTED,True,12,wordnet31:00001740-n -> wordnet31:00001930-n -> wordnet31:00002684-n -> wordnet31:00003553-n -> wordnet31:00022119-n -> wordnet31:04348764-n -> wordnet31:02738693-n -> wordnet31:03290823-n -> wikidata:Q570
marine_habitats,fineatlas-domain:marine_habitats,eunis2012:A,wordnet31:08598111-n,eng-31-08598111-n,"the type of environment in which an organism or group normally lives or occurs; ""a marine habitat""; ""he felt safe on his home grounds""",EXISTING_TYPED_CLASSIFICATION_PATH,"Lowest retained WordNet 3.1 synset on the existing, view-validated native root witness; no inferred shortcut",CONNECTED,True,1099,wordnet31:00001740-n -> wordnet31:00001930-n -> wordnet31:00002684-n -> wordnet31:00027365-n -> wordnet31:08648560-n -> wordnet31:08591861-n -> wordnet31:08584764-n -> wordnet31:08598111-n -> eunis2012:A
medical_devices,fineatlas-domain:medical_devices,wikidata:Q6554101,wordnet31:03187746-n,eng-31-03187746-n,"an instrumentality invented for a particular purpose; ""the device is small enough to wear on your wrist""; ""a device intended to conserve water""",EXISTING_TYPED_CLASSIFICATION_PATH,"Lowest retained WordNet 3.1 synset on the existing, view-validated native root witness; no inferred shortcut",CONNECTED,True,268470,wordnet31:00001740-n -> wordnet31:00001930-n -> wordnet31:00002684-n -> wordnet31:00003553-n -> wordnet31:00022119-n -> wordnet31:03580409-n -> wordnet31:03187746-n -> wikidata:Q6554101
microprocessors,fineatlas-domain:microprocessors,wikidata:Q5297,wordnet31:02998952-n,eng-31-02998952-n,"(computer science) the part of a computer (a microprocessor chip) that does most of the data processing; ""the CPU and the memory form the central part of a computer to which the peripherals are attached""",EXISTING_TYPED_CLASSIFICATION_PATH,"Lowest retained WordNet 3.1 synset on the existing, view-validated native root witness; no inferred shortcut",CONNECTED,True,74,wordnet31:00001740-n -> wordnet31:00001930-n -> wordnet31:00002684-n -> wordnet31:03898588-n -> wordnet31:03085025-n -> wordnet31:03498434-n -> wordnet31:02998952-n -> wikidata:Q5297
microprocessors,fineatlas-domain:microprocessors,wordnet31:03765845-n,wordnet31:03765845-n,eng-31-03765845-n,"integrated circuit semiconductor chip that performs the bulk of the processing and controls the parts of a system; ""a microprocessor functions as the central processing unit of a microcomputer""; ""a disk drive contains a microprocessor to handle the internal functions of the drive""",EXISTING_TYPED_CLASSIFICATION_PATH,"Lowest retained WordNet 3.1 synset on the existing, view-validated native root witness; no inferred shortcut",CONNECTED,True,74,wordnet31:00001740-n -> wordnet31:00001930-n -> wordnet31:00002684-n -> wordnet31:00003553-n -> wordnet31:00022119-n -> wordnet31:03580409-n -> wordnet31:03187746-n -> wordnet31:03093163-n -> wordnet31:04178892-n -> wordnet31:03023717-n -> wordnet31:03765845-n
minerals,fineatlas-domain:minerals,wikidata:Q7946,wordnet31:00020270-n,eng-31-00020270-n,"a particular kind or species of matter with uniform properties; ""shigella is one of the most toxic substances known to man""",EXISTING_TYPED_CLASSIFICATION_PATH,"Lowest retained WordNet 3.1 synset on the existing, view-validated native root witness; no inferred shortcut",CONNECTED,True,7476,wordnet31:00001740-n -> wordnet31:00001930-n -> wordnet31:00021007-n -> wordnet31:00020270-n -> wikidata:Q7946
minerals,fineatlas-domain:minerals,wordnet31:14686753-n,wordnet31:14686753-n,eng-31-14686753-n,solid homogeneous inorganic substances occurring in nature having a definite chemical composition,EXISTING_TYPED_CLASSIFICATION_PATH,"Lowest retained WordNet 3.1 synset on the existing, view-validated native root witness; no inferred shortcut",CONNECTED,True,7476,wordnet31:00001740-n -> wordnet31:00001930-n -> wordnet31:00021007-n -> wordnet31:00019793-n -> wordnet31:14604877-n -> wordnet31:14686753-n
mountain_ranges,fineatlas-domain:mountain_ranges,geonames-feature:T.MTS,wordnet31:09310874-n,eng-31-09310874-n,(geology) the geological features of the earth,EXISTING_TYPED_CLASSIFICATION_PATH,"Lowest retained WordNet 3.1 synset on the existing, view-validated native root witness; no inferred shortcut",CONNECTED,True,29658,wordnet31:00001740-n -> wordnet31:00001930-n -> wordnet31:00002684-n -> wordnet31:09310874-n -> geonames-feature:T.MTS
mountain_ranges,fineatlas-domain:mountain_ranges,wikidata:Q46831,wordnet31:09426609-n,eng-31-09426609-n,"a series of hills or mountains; ""the valley was between two ranges of hills""; ""the plains lay just beyond the mountain range""",EXISTING_TYPED_CLASSIFICATION_PATH,"Lowest retained WordNet 3.1 synset on the existing, view-validated native root witness; no inferred shortcut",CONNECTED,True,29658,wordnet31:00001740-n -> wordnet31:00001930-n -> wordnet31:00002684-n -> wordnet31:09310874-n -> wordnet31:09426609-n -> wikidata:Q46831
mountains,fineatlas-domain:mountains,wikidata:Q8502,wordnet31:09382700-n,eng-31-09382700-n,a land mass that projects well above its surroundings; higher than a hill,EXISTING_TYPED_CLASSIFICATION_PATH,"Lowest retained WordNet 3.1 synset on the existing, view-validated native root witness; no inferred shortcut",CONNECTED,True,426242,wordnet31:00001740-n -> wordnet31:00001930-n -> wordnet31:00002684-n -> wordnet31:09310874-n -> wordnet31:09389214-n -> wordnet31:09382700-n -> wikidata:Q8502
mountains,fineatlas-domain:mountains,wordnet31:09382700-n,wordnet31:09382700-n,eng-31-09382700-n,a land mass that projects well above its surroundings; higher than a hill,EXISTING_TYPED_CLASSIFICATION_PATH,"Lowest retained WordNet 3.1 synset on the existing, view-validated native root witness; no inferred shortcut",CONNECTED,True,426242,wordnet31:00001740-n -> wordnet31:00001930-n -> wordnet31:00002684-n -> wordnet31:09310874-n -> wordnet31:09389214-n -> wordnet31:09382700-n
musical_instruments,fineatlas-domain:musical_instruments,wikidata:Q34379,wordnet31:03806455-n,eng-31-03806455-n,any of various devices or contrivances that can be used to produce musical tones or sounds,EXISTING_TYPED_CLASSIFICATION_PATH,"Lowest retained WordNet 3.1 synset on the existing, view-validated native root witness; no inferred shortcut",CONNECTED,True,4449,wordnet31:00001740-n -> wordnet31:00001930-n -> wordnet31:00002684-n -> wordnet31:00003553-n -> wordnet31:00022119-n -> wordnet31:03580409-n -> wordnet31:03187746-n -> wordnet31:03806455-n -> aat:300041620 -> wikidata:Q34379
musical_instruments,fineatlas-domain:musical_instruments,wordnet31:03806455-n,wordnet31:03806455-n,eng-31-03806455-n,any of various devices or contrivances that can be used to produce musical tones or sounds,EXISTING_TYPED_CLASSIFICATION_PATH,"Lowest retained WordNet 3.1 synset on the existing, view-validated native root witness; no inferred shortcut",CONNECTED,True,4449,wordnet31:00001740-n -> wordnet31:00001930-n -> wordnet31:00002684-n -> wordnet31:00003553-n -> wordnet31:00022119-n -> wordnet31:03580409-n -> wordnet31:03187746-n -> wordnet31:03806455-n
network_routers,fineatlas-domain:network_routers,wikidata:Q5318,wordnet31:04121938-n,eng-31-04121938-n,(computer science) a device that forwards data packets between computer networks,EXISTING_TYPED_CLASSIFICATION_PATH,"Lowest retained WordNet 3.1 synset on the existing, view-validated native root witness; no inferred shortcut",CONNECTED,True,33,wordnet31:00001740-n -> wordnet31:00001930-n -> wordnet31:00002684-n -> wordnet31:00003553-n -> wordnet31:00022119-n -> wordnet31:03580409-n -> wordnet31:03187746-n -> wordnet31:04121938-n -> wikidata:Q5318
network_routers,fineatlas-domain:network_routers,wordnet31:04121938-n,wordnet31:04121938-n,eng-31-04121938-n,(computer science) a device that forwards data packets between computer networks,EXISTING_TYPED_CLASSIFICATION_PATH,"Lowest retained WordNet 3.1 synset on the existing, view-validated native root witness; no inferred shortcut",CONNECTED,True,33,wordnet31:00001740-n -> wordnet31:00001930-n -> wordnet31:00002684-n -> wordnet31:00003553-n -> wordnet31:00022119-n -> wordnet31:03580409-n -> wordnet31:03187746-n -> wordnet31:04121938-n
network_switches,fineatlas-domain:network_switches,wikidata:Q4503,wordnet31:03282682-n,eng-31-03282682-n,a device that accomplishes its purpose electronically,EXISTING_TYPED_CLASSIFICATION_PATH,"Lowest retained WordNet 3.1 synset on the existing, view-validated native root witness; no inferred shortcut",CONNECTED,True,26,wordnet31:00001740-n -> wordnet31:00001930-n -> wordnet31:00002684-n -> wordnet31:00003553-n -> wordnet31:00022119-n -> wordnet31:03580409-n -> wordnet31:03187746-n -> wordnet31:03282682-n -> wikidata:Q4503
pcbs,fineatlas-domain:pcbs,wikidata:Q173350,wordnet31:03085025-n,eng-31-03085025-n,"an artifact that is one of the individual parts of which a composite entity is made up; especially a part that can be separated from or attached to a system; ""spare components for cars""; ""a component or constituent element of a system""",EXISTING_TYPED_CLASSIFICATION_PATH,"Lowest retained WordNet 3.1 synset on the existing, view-validated native root witness; no inferred shortcut",CONNECTED,True,73,wordnet31:00001740-n -> wordnet31:00001930-n -> wordnet31:00002684-n -> wordnet31:03898588-n -> wordnet31:03085025-n -> wikidata:Q173350
plants,fineatlas-domain:plants,wfo:wfo-4100001250,wordnet31:00017402-n,eng-31-00017402-n,(botany) a living organism lacking the power of locomotion,EXISTING_TYPED_CLASSIFICATION_PATH,"Lowest retained WordNet 3.1 synset on the existing, view-validated native root witness; no inferred shortcut",CONNECTED,True,1550832,wordnet31:00001740-n -> wordnet31:00001930-n -> wordnet31:00002684-n -> wordnet31:00003553-n -> wordnet31:00004258-n -> wordnet31:00004475-n -> wordnet31:00017402-n -> wikidata:Q756 -> v4root:plant -> wfo:wfo-4100001250
plants,fineatlas-domain:plants,wordnet31:00017402-n,wordnet31:00017402-n,eng-31-00017402-n,(botany) a living organism lacking the power of locomotion,EXISTING_TYPED_CLASSIFICATION_PATH,"Lowest retained WordNet 3.1 synset on the existing, view-validated native root witness; no inferred shortcut",CONNECTED,True,1550832,wordnet31:00001740-n -> wordnet31:00001930-n -> wordnet31:00002684-n -> wordnet31:00003553-n -> wordnet31:00004258-n -> wordnet31:00004475-n -> wordnet31:00017402-n
power_tools,fineatlas-domain:power_tools,wikidata:Q1327701,wordnet31:04459089-n,eng-31-04459089-n,an implement used in the practice of a vocation,EXISTING_TYPED_CLASSIFICATION_PATH,"Lowest retained WordNet 3.1 synset on the existing, view-validated native root witness; no inferred shortcut",CONNECTED,True,57,wordnet31:00001740-n -> wordnet31:00001930-n -> wordnet31:00002684-n -> wordnet31:00003553-n -> wordnet31:00022119-n -> wordnet31:03580409-n -> wordnet31:03569147-n -> wordnet31:04459089-n -> aat:300024870 -> wikidata:Q1327701
power_tools,fineatlas-domain:power_tools,wordnet31:04003842-n,wordnet31:04003842-n,eng-31-04003842-n,a tool driven by a motor,EXISTING_TYPED_CLASSIFICATION_PATH,"Lowest retained WordNet 3.1 synset on the existing, view-validated native root witness; no inferred shortcut",CONNECTED,True,57,wordnet31:00001740-n -> wordnet31:00001930-n -> wordnet31:00002684-n -> wordnet31:00003553-n -> wordnet31:00022119-n -> wordnet31:03580409-n -> wordnet31:03187746-n -> wordnet31:03705309-n -> wordnet31:04003842-n
printers,fineatlas-domain:printers,wikidata:Q82,wordnet31:03705309-n,eng-31-03705309-n,any mechanical or electrical device that transmits or modifies energy to perform or assist in the performance of human tasks,EXISTING_TYPED_CLASSIFICATION_PATH,"Lowest retained WordNet 3.1 synset on the existing, view-validated native root witness; no inferred shortcut",CONNECTED,True,52,wordnet31:00001740-n -> wordnet31:00001930-n -> wordnet31:00002684-n -> wordnet31:00003553-n -> wordnet31:00022119-n -> wordnet31:03580409-n -> wordnet31:03187746-n -> wordnet31:03705309-n -> wikidata:Q82
rivers,fineatlas-domain:rivers,eunis2012:C2,wordnet31:08598111-n,eng-31-08598111-n,"the type of environment in which an organism or group normally lives or occurs; ""a marine habitat""; ""he felt safe on his home grounds""",EXISTING_TYPED_CLASSIFICATION_PATH,"Lowest retained WordNet 3.1 synset on the existing, view-validated native root witness; no inferred shortcut",CONNECTED,True,1004722,wordnet31:00001740-n -> wordnet31:00001930-n -> wordnet31:00002684-n -> wordnet31:00027365-n -> wordnet31:08648560-n -> wordnet31:08591861-n -> wordnet31:08584764-n -> wordnet31:08598111-n -> eunis2012:C -> eunis2012:C2
rivers,fineatlas-domain:rivers,wikidata:Q4022,wordnet31:09434308-n,eng-31-09434308-n,"a large natural stream of water (larger than a creek); ""the river was navigable for 50 miles""",EXISTING_TYPED_CLASSIFICATION_PATH,"Lowest retained WordNet 3.1 synset on the existing, view-validated native root witness; no inferred shortcut",CONNECTED,True,1004722,wordnet31:00001740-n -> wordnet31:00001930-n -> wordnet31:00002452-n -> wordnet31:09248053-n -> wordnet31:09471510-n -> wordnet31:09434308-n -> wikidata:Q4022
rivers,fineatlas-domain:rivers,wordnet31:09434308-n,wordnet31:09434308-n,eng-31-09434308-n,"a large natural stream of water (larger than a creek); ""the river was navigable for 50 miles""",EXISTING_TYPED_CLASSIFICATION_PATH,"Lowest retained WordNet 3.1 synset on the existing, view-validated native root witness; no inferred shortcut",CONNECTED,True,1004722,wordnet31:00001740-n -> wordnet31:00001930-n -> wordnet31:00002452-n -> wordnet31:09248053-n -> wordnet31:09471510-n -> wordnet31:09434308-n
rivers,fineatlas-domain:rivers,wordnet31:09471510-n,wordnet31:09471510-n,eng-31-09471510-n,a natural body of running water flowing on or under the earth,EXISTING_TYPED_CLASSIFICATION_PATH,"Lowest retained WordNet 3.1 synset on the existing, view-validated native root witness; no inferred shortcut",CONNECTED,True,1004722,wordnet31:00001740-n -> wordnet31:00001930-n -> wordnet31:00002452-n -> wordnet31:09248053-n -> wordnet31:09471510-n
rocks,fineatlas-domain:rocks,wikidata:Q8063,wordnet31:14720954-n,eng-31-14720954-n,"material consisting of the aggregate of minerals like those making up the Earth's crust; ""that mountain is solid rock""; ""stone is abundant in New England and there are many quarries""",EXISTING_TYPED_CLASSIFICATION_PATH,"Lowest retained WordNet 3.1 synset on the existing, view-validated native root witness; no inferred shortcut",CONNECTED,True,201,wordnet31:00001740-n -> wordnet31:00001930-n -> wordnet31:00021007-n -> wordnet31:00019793-n -> wordnet31:14604877-n -> wordnet31:14720954-n -> wikidata:Q8063
rocks,fineatlas-domain:rocks,wordnet31:14720954-n,wordnet31:14720954-n,eng-31-14720954-n,"material consisting of the aggregate of minerals like those making up the Earth's crust; ""that mountain is solid rock""; ""stone is abundant in New England and there are many quarries""",EXISTING_TYPED_CLASSIFICATION_PATH,"Lowest retained WordNet 3.1 synset on the existing, view-validated native root witness; no inferred shortcut",CONNECTED,True,201,wordnet31:00001740-n -> wordnet31:00001930-n -> wordnet31:00021007-n -> wordnet31:00019793-n -> wordnet31:14604877-n -> wordnet31:14720954-n
scrub_and_tundra,fineatlas-domain:scrub_and_tundra,eunis2012:F,wordnet31:08598111-n,eng-31-08598111-n,"the type of environment in which an organism or group normally lives or occurs; ""a marine habitat""; ""he felt safe on his home grounds""",EXISTING_TYPED_CLASSIFICATION_PATH,"Lowest retained WordNet 3.1 synset on the existing, view-validated native root witness; no inferred shortcut",CONNECTED,True,1607,wordnet31:00001740-n -> wordnet31:00001930-n -> wordnet31:00002684-n -> wordnet31:00027365-n -> wordnet31:08648560-n -> wordnet31:08591861-n -> wordnet31:08584764-n -> wordnet31:08598111-n -> eunis2012:F
scrub_and_tundra,fineatlas-domain:scrub_and_tundra,eunis2021:S,wordnet31:08598111-n,eng-31-08598111-n,"the type of environment in which an organism or group normally lives or occurs; ""a marine habitat""; ""he felt safe on his home grounds""",EXISTING_TYPED_CLASSIFICATION_PATH,"Lowest retained WordNet 3.1 synset on the existing, view-validated native root witness; no inferred shortcut",CONNECTED,True,1607,wordnet31:00001740-n -> wordnet31:00001930-n -> wordnet31:00002684-n -> wordnet31:00027365-n -> wordnet31:08648560-n -> wordnet31:08591861-n -> wordnet31:08584764-n -> wordnet31:08598111-n -> eunis2021:S
semiconductor_devices,fineatlas-domain:semiconductor_devices,wikidata:Q175805,wordnet31:03085025-n,eng-31-03085025-n,"an artifact that is one of the individual parts of which a composite entity is made up; especially a part that can be separated from or attached to a system; ""spare components for cars""; ""a component or constituent element of a system""",EXISTING_TYPED_CLASSIFICATION_PATH,"Lowest retained WordNet 3.1 synset on the existing, view-validated native root witness; no inferred shortcut",CONNECTED,True,2935,wordnet31:00001740-n -> wordnet31:00001930-n -> wordnet31:00002684-n -> wordnet31:03898588-n -> wordnet31:03085025-n -> wikidata:Q11653 -> wikidata:Q175805
semiconductor_diodes,fineatlas-domain:semiconductor_diodes,wikidata:Q1929430,wordnet31:03085025-n,eng-31-03085025-n,"an artifact that is one of the individual parts of which a composite entity is made up; especially a part that can be separated from or attached to a system; ""spare components for cars""; ""a component or constituent element of a system""",EXISTING_TYPED_CLASSIFICATION_PATH,"Lowest retained WordNet 3.1 synset on the existing, view-validated native root witness; no inferred shortcut",CONNECTED,True,2906,wordnet31:00001740-n -> wordnet31:00001930-n -> wordnet31:00002684-n -> wordnet31:03898588-n -> wordnet31:03085025-n -> wikidata:Q11653 -> wikidata:Q175805 -> wikidata:Q1929430
semiconductor_diodes,fineatlas-domain:semiconductor_diodes,wordnet31:03207444-n,wordnet31:03207444-n,eng-31-03207444-n,a semiconductor that consists of a p-n junction,EXISTING_TYPED_CLASSIFICATION_PATH,"Lowest retained WordNet 3.1 synset on the existing, view-validated native root witness; no inferred shortcut",CONNECTED,True,2906,wordnet31:00001740-n -> wordnet31:00001930-n -> wordnet31:00002684-n -> wordnet31:00003553-n -> wordnet31:00022119-n -> wordnet31:03580409-n -> wordnet31:03187746-n -> wordnet31:03093163-n -> wordnet31:04178892-n -> wordnet31:03207444-n
ships,fineatlas-domain:ships,wikidata:Q11446,wordnet31:04531608-n,eng-31-04531608-n,a conveyance that transports people or objects,EXISTING_TYPED_CLASSIFICATION_PATH,"Lowest retained WordNet 3.1 synset on the existing, view-validated native root witness; no inferred shortcut",CONNECTED,True,4024,wordnet31:00001740-n -> wordnet31:00001930-n -> wordnet31:00002684-n -> wordnet31:00003553-n -> wordnet31:00022119-n -> wordnet31:03580409-n -> wordnet31:03105141-n -> wordnet31:04531608-n -> wikidata:Q1229765 -> wikidata:Q11446
ships,fineatlas-domain:ships,wordnet31:04201332-n,wordnet31:04201332-n,eng-31-04201332-n,a vessel that carries passengers or freight,EXISTING_TYPED_CLASSIFICATION_PATH,"Lowest retained WordNet 3.1 synset on the existing, view-validated native root witness; no inferred shortcut",CONNECTED,True,4024,wordnet31:00001740-n -> wordnet31:00001930-n -> wordnet31:00002684-n -> wordnet31:00003553-n -> wordnet31:00022119-n -> wordnet31:03580409-n -> wordnet31:03105141-n -> wordnet31:04531608-n -> wordnet31:03130521-n -> wordnet31:04537861-n -> wordnet31:04201332-n
single_board_computers,fineatlas-domain:single_board_computers,wikidata:Q944780,wordnet31:03086983-n,eng-31-03086983-n,a machine for performing calculations automatically,EXISTING_TYPED_CLASSIFICATION_PATH,"Lowest retained WordNet 3.1 synset on the existing, view-validated native root witness; no inferred shortcut",CONNECTED,True,12,wordnet31:00001740-n -> wordnet31:00001930-n -> wordnet31:00002684-n -> wordnet31:00003553-n -> wordnet31:00022119-n -> wordnet31:03580409-n -> wordnet31:03187746-n -> wordnet31:03705309-n -> wordnet31:03086983-n -> wikidata:Q944780
smartphones,fineatlas-domain:smartphones,wikidata:Q22645,wordnet31:03187746-n,eng-31-03187746-n,"an instrumentality invented for a particular purpose; ""the device is small enough to wear on your wrist""; ""a device intended to conserve water""",EXISTING_TYPED_CLASSIFICATION_PATH,"Lowest retained WordNet 3.1 synset on the existing, view-validated native root witness; no inferred shortcut",CONNECTED,True,820,wordnet31:00001740-n -> wordnet31:00001930-n -> wordnet31:00002684-n -> wordnet31:00003553-n -> wordnet31:00022119-n -> wordnet31:03580409-n -> wordnet31:03187746-n -> wikidata:Q22645
smartwatches,fineatlas-domain:smartwatches,wikidata:Q5362345,wordnet31:03086983-n,eng-31-03086983-n,a machine for performing calculations automatically,EXISTING_TYPED_CLASSIFICATION_PATH,"Lowest retained WordNet 3.1 synset on the existing, view-validated native root witness; no inferred shortcut",CONNECTED,True,160,wordnet31:00001740-n -> wordnet31:00001930-n -> wordnet31:00002684-n -> wordnet31:00003553-n -> wordnet31:00022119-n -> wordnet31:03580409-n -> wordnet31:03187746-n -> wordnet31:03705309-n -> wordnet31:03086983-n -> wikidata:Q1334829 -> wikidata:Q5362345
solid_state_drives,fineatlas-domain:solid_state_drives,wikidata:Q487343,wordnet31:03085025-n,eng-31-03085025-n,"an artifact that is one of the individual parts of which a composite entity is made up; especially a part that can be separated from or attached to a system; ""spare components for cars""; ""a component or constituent element of a system""",EXISTING_TYPED_CLASSIFICATION_PATH,"Lowest retained WordNet 3.1 synset on the existing, view-validated native root witness; no inferred shortcut",CONNECTED,True,59,wordnet31:00001740-n -> wordnet31:00001930-n -> wordnet31:00002684-n -> wordnet31:03898588-n -> wordnet31:03085025-n -> wikidata:Q3966 -> hierarchy-type:hardware-storage -> wikidata:Q487343
source_electronic_devices,fineatlas-domain:source_electronic_devices,wikidata:Q2858615,wordnet31:03282682-n,eng-31-03282682-n,a device that accomplishes its purpose electronically,EXISTING_TYPED_CLASSIFICATION_PATH,"Lowest retained WordNet 3.1 synset on the existing, view-validated native root witness; no inferred shortcut",CONNECTED,True,242,wordnet31:00001740-n -> wordnet31:00001930-n -> wordnet31:00002684-n -> wordnet31:00003553-n -> wordnet31:00022119-n -> wordnet31:03580409-n -> wordnet31:03187746-n -> wordnet31:03282682-n -> wikidata:Q2858615
source_integrated_circuits,fineatlas-domain:source_integrated_circuits,wikidata:Q80831,wordnet31:03085025-n,eng-31-03085025-n,"an artifact that is one of the individual parts of which a composite entity is made up; especially a part that can be separated from or attached to a system; ""spare components for cars""; ""a component or constituent element of a system""",EXISTING_TYPED_CLASSIFICATION_PATH,"Lowest retained WordNet 3.1 synset on the existing, view-validated native root witness; no inferred shortcut",CONNECTED,True,31,wordnet31:00001740-n -> wordnet31:00001930-n -> wordnet31:00002684-n -> wordnet31:03898588-n -> wordnet31:03085025-n -> wikidata:Q11653 -> wikidata:Q80831
source_semiconductor_diodes,fineatlas-domain:source_semiconductor_diodes,wikidata:Q1929430,wordnet31:03085025-n,eng-31-03085025-n,"an artifact that is one of the individual parts of which a composite entity is made up; especially a part that can be separated from or attached to a system; ""spare components for cars""; ""a component or constituent element of a system""",EXISTING_TYPED_CLASSIFICATION_PATH,"Lowest retained WordNet 3.1 synset on the existing, view-validated native root witness; no inferred shortcut",CONNECTED,True,2896,wordnet31:00001740-n -> wordnet31:00001930-n -> wordnet31:00002684-n -> wordnet31:03898588-n -> wordnet31:03085025-n -> wikidata:Q11653 -> wikidata:Q175805 -> wikidata:Q1929430
sparse_vegetation_habitats,fineatlas-domain:sparse_vegetation_habitats,eunis2012:H,wordnet31:08598111-n,eng-31-08598111-n,"the type of environment in which an organism or group normally lives or occurs; ""a marine habitat""; ""he felt safe on his home grounds""",EXISTING_TYPED_CLASSIFICATION_PATH,"Lowest retained WordNet 3.1 synset on the existing, view-validated native root witness; no inferred shortcut",CONNECTED,True,564,wordnet31:00001740-n -> wordnet31:00001930-n -> wordnet31:00002684-n -> wordnet31:00027365-n -> wordnet31:08648560-n -> wordnet31:08591861-n -> wordnet31:08584764-n -> wordnet31:08598111-n -> eunis2012:H
sparse_vegetation_habitats,fineatlas-domain:sparse_vegetation_habitats,eunis2021:U,wordnet31:08598111-n,eng-31-08598111-n,"the type of environment in which an organism or group normally lives or occurs; ""a marine habitat""; ""he felt safe on his home grounds""",EXISTING_TYPED_CLASSIFICATION_PATH,"Lowest retained WordNet 3.1 synset on the existing, view-validated native root witness; no inferred shortcut",CONNECTED,True,564,wordnet31:00001740-n -> wordnet31:00001930-n -> wordnet31:00002684-n -> wordnet31:00027365-n -> wordnet31:08648560-n -> wordnet31:08591861-n -> wordnet31:08584764-n -> wordnet31:08598111-n -> eunis2021:U
sports_equipment,fineatlas-domain:sports_equipment,wordnet31:04292284-n,wordnet31:04292284-n,eng-31-04292284-n,equipment needed to participate in a particular sport,EXISTING_TYPED_CLASSIFICATION_PATH,"Lowest retained WordNet 3.1 synset on the existing, view-validated native root witness; no inferred shortcut",CONNECTED,True,130,wordnet31:00001740-n -> wordnet31:00001930-n -> wordnet31:00002684-n -> wordnet31:00003553-n -> wordnet31:00022119-n -> wordnet31:03580409-n -> wordnet31:03298959-n -> wordnet31:04292284-n
surgical_instruments,fineatlas-domain:surgical_instruments,wikidata:Q1074814,wordnet31:03187746-n,eng-31-03187746-n,"an instrumentality invented for a particular purpose; ""the device is small enough to wear on your wrist""; ""a device intended to conserve water""",EXISTING_TYPED_CLASSIFICATION_PATH,"Lowest retained WordNet 3.1 synset on the existing, view-validated native root witness; no inferred shortcut",CONNECTED,True,6101,wordnet31:00001740-n -> wordnet31:00001930-n -> wordnet31:00002684-n -> wordnet31:00003553-n -> wordnet31:00022119-n -> wordnet31:03580409-n -> wordnet31:03187746-n -> wikidata:Q6554101 -> wikidata:Q1074814
surgical_instruments,fineatlas-domain:surgical_instruments,wordnet31:04371632-n,wordnet31:04371632-n,eng-31-04371632-n,a medical instrument used in surgery,EXISTING_TYPED_CLASSIFICATION_PATH,"Lowest retained WordNet 3.1 synset on the existing, view-validated native root witness; no inferred shortcut",CONNECTED,True,6101,wordnet31:00001740-n -> wordnet31:00001930-n -> wordnet31:00002684-n -> wordnet31:00003553-n -> wordnet31:00022119-n -> wordnet31:03580409-n -> wordnet31:03187746-n -> wordnet31:03579967-n -> wordnet31:03745184-n -> wordnet31:04371632-n
tablets,fineatlas-domain:tablets,wikidata:Q155972,wordnet31:03086983-n,eng-31-03086983-n,a machine for performing calculations automatically,EXISTING_TYPED_CLASSIFICATION_PATH,"Lowest retained WordNet 3.1 synset on the existing, view-validated native root witness; no inferred shortcut",CONNECTED,True,147,wordnet31:00001740-n -> wordnet31:00001930-n -> wordnet31:00002684-n -> wordnet31:00003553-n -> wordnet31:00022119-n -> wordnet31:03580409-n -> wordnet31:03187746-n -> wordnet31:03705309-n -> wordnet31:03086983-n -> wikidata:Q155972
television_sets,fineatlas-domain:television_sets,wikidata:Q8075,wordnet31:03282682-n,eng-31-03282682-n,a device that accomplishes its purpose electronically,EXISTING_TYPED_CLASSIFICATION_PATH,"Lowest retained WordNet 3.1 synset on the existing, view-validated native root witness; no inferred shortcut",CONNECTED,True,37,wordnet31:00001740-n -> wordnet31:00001930-n -> wordnet31:00002684-n -> wordnet31:00003553-n -> wordnet31:00022119-n -> wordnet31:03580409-n -> wordnet31:03187746-n -> wordnet31:03282682-n -> wikidata:Q8075
television_sets,fineatlas-domain:television_sets,wordnet31:04413042-n,wordnet31:04413042-n,eng-31-04413042-n,"an electronic device that receives television signals and displays them on a screen; ""the British call a tv set a telly""",EXISTING_TYPED_CLASSIFICATION_PATH,"Lowest retained WordNet 3.1 synset on the existing, view-validated native root witness; no inferred shortcut",CONNECTED,True,37,wordnet31:00001740-n -> wordnet31:00001930-n -> wordnet31:00002684-n -> wordnet31:00003553-n -> wordnet31:00022119-n -> wordnet31:03580409-n -> wordnet31:03298959-n -> wordnet31:03283159-n -> wordnet31:04183589-n -> wordnet31:04067759-n -> wordnet31:04413042-n
tools,fineatlas-domain:tools,wikidata:Q39546,wordnet31:04459089-n,eng-31-04459089-n,an implement used in the practice of a vocation,EXISTING_TYPED_CLASSIFICATION_PATH,"Lowest retained WordNet 3.1 synset on the existing, view-validated native root witness; no inferred shortcut",CONNECTED,True,1176,wordnet31:00001740-n -> wordnet31:00001930-n -> wordnet31:00002684-n -> wordnet31:00003553-n -> wordnet31:00022119-n -> wordnet31:03580409-n -> wordnet31:03569147-n -> wordnet31:04459089-n -> wikidata:Q39546
tools,fineatlas-domain:tools,wordnet31:04459089-n,wordnet31:04459089-n,eng-31-04459089-n,an implement used in the practice of a vocation,EXISTING_TYPED_CLASSIFICATION_PATH,"Lowest retained WordNet 3.1 synset on the existing, view-validated native root witness; no inferred shortcut",CONNECTED,True,1176,wordnet31:00001740-n -> wordnet31:00001930-n -> wordnet31:00002684-n -> wordnet31:00003553-n -> wordnet31:00022119-n -> wordnet31:03580409-n -> wordnet31:03569147-n -> wordnet31:04459089-n
tractors,fineatlas-domain:tractors,wikidata:Q39495,wordnet31:04472736-n,eng-31-04472736-n,a wheeled vehicle with large wheels; used in farming and other applications,EXISTING_TYPED_CLASSIFICATION_PATH,"Lowest retained WordNet 3.1 synset on the existing, view-validated native root witness; no inferred shortcut",CONNECTED,True,114,wordnet31:00001740-n -> wordnet31:00001930-n -> wordnet31:00002684-n -> wordnet31:00003553-n -> wordnet31:00022119-n -> wordnet31:03580409-n -> wordnet31:03099154-n -> wordnet31:04583497-n -> wordnet31:04177098-n -> wordnet31:04472736-n -> wikidata:Q39495
tractors,fineatlas-domain:tractors,wordnet31:04472736-n,wordnet31:04472736-n,eng-31-04472736-n,a wheeled vehicle with large wheels; used in farming and other applications,EXISTING_TYPED_CLASSIFICATION_PATH,"Lowest retained WordNet 3.1 synset on the existing, view-validated native root witness; no inferred shortcut",CONNECTED,True,114,wordnet31:00001740-n -> wordnet31:00001930-n -> wordnet31:00002684-n -> wordnet31:00003553-n -> wordnet31:00022119-n -> wordnet31:03580409-n -> wordnet31:03099154-n -> wordnet31:04583497-n -> wordnet31:04177098-n -> wordnet31:04472736-n
valleys,fineatlas-domain:valleys,wikidata:Q39816,wordnet31:09491734-n,eng-31-09491734-n,a long depression in the surface of the land that usually contains a river,EXISTING_TYPED_CLASSIFICATION_PATH,"Lowest retained WordNet 3.1 synset on the existing, view-validated native root witness; no inferred shortcut",CONNECTED,True,149578,wordnet31:00001740-n -> wordnet31:00001930-n -> wordnet31:00002684-n -> wordnet31:09310874-n -> wordnet31:09388914-n -> wordnet31:09491734-n -> wikidata:Q39816
valleys,fineatlas-domain:valleys,wordnet31:09491734-n,wordnet31:09491734-n,eng-31-09491734-n,a long depression in the surface of the land that usually contains a river,EXISTING_TYPED_CLASSIFICATION_PATH,"Lowest retained WordNet 3.1 synset on the existing, view-validated native root witness; no inferred shortcut",CONNECTED,True,149578,wordnet31:00001740-n -> wordnet31:00001930-n -> wordnet31:00002684-n -> wordnet31:09310874-n -> wordnet31:09388914-n -> wordnet31:09491734-n
volcanoes,fineatlas-domain:volcanoes,wikidata:Q8072,wordnet31:09493680-n,eng-31-09493680-n,a fissure in the earth's crust (or in the surface of some other planet) through which molten lava and gases erupt,EXISTING_TYPED_CLASSIFICATION_PATH,"Lowest retained WordNet 3.1 synset on the existing, view-validated native root witness; no inferred shortcut",CONNECTED,True,843,wordnet31:00001740-n -> wordnet31:00001930-n -> wordnet31:00002684-n -> wordnet31:00027365-n -> wordnet31:13933399-n -> wordnet31:09402023-n -> wordnet31:09281621-n -> wordnet31:09493680-n -> wikidata:Q8072
volcanoes,fineatlas-domain:volcanoes,wordnet31:09495727-n,wordnet31:09495727-n,eng-31-09495727-n,a mountain formed by volcanic material,EXISTING_TYPED_CLASSIFICATION_PATH,"Lowest retained WordNet 3.1 synset on the existing, view-validated native root witness; no inferred shortcut",CONNECTED,True,843,wordnet31:00001740-n -> wordnet31:00001930-n -> wordnet31:00002684-n -> wordnet31:09310874-n -> wordnet31:09389214-n -> wordnet31:09382700-n -> wordnet31:09495727-n
waterfalls,fineatlas-domain:waterfalls,wikidata:Q34038,wordnet31:09498422-n,eng-31-09498422-n,a steep descent of the water of a river,EXISTING_TYPED_CLASSIFICATION_PATH,"Lowest retained WordNet 3.1 synset on the existing, view-validated native root witness; no inferred shortcut",CONNECTED,True,8071,wordnet31:00001740-n -> wordnet31:00001930-n -> wordnet31:00002452-n -> wordnet31:09248053-n -> wordnet31:09498422-n -> wikidata:Q34038
waterfalls,fineatlas-domain:waterfalls,wordnet31:09498422-n,wordnet31:09498422-n,eng-31-09498422-n,a steep descent of the water of a river,EXISTING_TYPED_CLASSIFICATION_PATH,"Lowest retained WordNet 3.1 synset on the existing, view-validated native root witness; no inferred shortcut",CONNECTED,True,8071,wordnet31:00001740-n -> wordnet31:00001930-n -> wordnet31:00002452-n -> wordnet31:09248053-n -> wordnet31:09498422-n
wearable_computers,fineatlas-domain:wearable_computers,wikidata:Q1334829,wordnet31:03086983-n,eng-31-03086983-n,a machine for performing calculations automatically,EXISTING_TYPED_CLASSIFICATION_PATH,"Lowest retained WordNet 3.1 synset on the existing, view-validated native root witness; no inferred shortcut",CONNECTED,True,162,wordnet31:00001740-n -> wordnet31:00001930-n -> wordnet31:00002684-n -> wordnet31:00003553-n -> wordnet31:00022119-n -> wordnet31:03580409-n -> wordnet31:03187746-n -> wordnet31:03705309-n -> wordnet31:03086983-n -> wikidata:Q1334829
wetlands,fineatlas-domain:wetlands,eunis2012:D,wordnet31:08598111-n,eng-31-08598111-n,"the type of environment in which an organism or group normally lives or occurs; ""a marine habitat""; ""he felt safe on his home grounds""",EXISTING_TYPED_CLASSIFICATION_PATH,"Lowest retained WordNet 3.1 synset on the existing, view-validated native root witness; no inferred shortcut",CONNECTED,True,79477,wordnet31:00001740-n -> wordnet31:00001930-n -> wordnet31:00002684-n -> wordnet31:00027365-n -> wordnet31:08648560-n -> wordnet31:08591861-n -> wordnet31:08584764-n -> wordnet31:08598111-n -> eunis2012:D
wetlands,fineatlas-domain:wetlands,eunis2021:Q,wordnet31:08598111-n,eng-31-08598111-n,"the type of environment in which an organism or group normally lives or occurs; ""a marine habitat""; ""he felt safe on his home grounds""",EXISTING_TYPED_CLASSIFICATION_PATH,"Lowest retained WordNet 3.1 synset on the existing, view-validated native root witness; no inferred shortcut",CONNECTED,True,79477,wordnet31:00001740-n -> wordnet31:00001930-n -> wordnet31:00002684-n -> wordnet31:00027365-n -> wordnet31:08648560-n -> wordnet31:08591861-n -> wordnet31:08584764-n -> wordnet31:08598111-n -> eunis2021:Q
wetlands,fineatlas-domain:wetlands,wordnet31:09501020-n,wordnet31:09501020-n,eng-31-09501020-n,a low area where the land is saturated with water,EXISTING_TYPED_CLASSIFICATION_PATH,"Lowest retained WordNet 3.1 synset on the existing, view-validated native root witness; no inferred shortcut",CONNECTED,True,79477,wordnet31:00001740-n -> wordnet31:00001930-n -> wordnet31:00002684-n -> wordnet31:09358146-n -> wordnet31:09501020-n
